brand,model,top_speed_kmh,battery_capacity_kwh,battery_type,number_of_cells,torque_nm,efficiency_wh_per_km,range_km,acceleration_0_100_s,fast_charging_power_kw_dc,fast_charge_port,towing_capacity_kg,cargo_volume_l,seats,drivetrain,segment,length_mm,width_mm,height_mm,car_body_type,source_url,price_inr
Abarth,500e Convertible,155,37.8,Lithium-ion,192.0,235.0,156,225,7.0,67.0,CCS,0.0,185,4,FWD,B - Compact,3673,1683,1518,Hatchback,https://ev-database.org/car/1904/Abarth-500e-Convertible,6170000.0
Abarth,500e Hatchback,155,37.8,Lithium-ion,192.0,235.0,149,225,7.0,67.0,CCS,0.0,185,4,FWD,B - Compact,3673,1683,1518,Hatchback,https://ev-database.org/car/1903/Abarth-500e-Hatchback,6147000.0
Abarth,600e Scorpionissima,200,50.8,Lithium-ion,102.0,345.0,158,280,5.9,79.0,CCS,0.0,360,5,FWD,JB - Compact,4187,1779,1557,SUV,https://ev-database.org/car/3057/Abarth-600e-Scorpionissima,6355000.0
Abarth,600e Turismo,200,50.8,Lithium-ion,102.0,345.0,158,280,6.2,79.0,CCS,0.0,360,5,FWD,JB - Compact,4187,1779,1557,SUV,https://ev-database.org/car/3056/Abarth-600e-Turismo,6343000.0
Aiways,U5,150,60.0,Lithium-ion,216.0,310.0,156,315,7.5,78.0,CCS,1000.0,496,5,FWD,JC - Medium,4680,1865,1700,SUV,https://ev-database.org/car/1678/Aiways-U5,3183000.0
Aiways,U6,160,60.0,Lithium-ion,216.0,315.0,150,350,7.0,78.0,CCS,1000.0,472,5,FWD,JC - Medium,4805,1880,1641,SUV,https://ev-database.org/car/1766/Aiways-U6,3172000.0
Alfa,Romeo Junior Elettrica 54 kWh,150,50.8,Lithium-ion,102.0,260.0,128,320,9.0,85.0,CCS,0.0,400,5,FWD,JB - Compact,4173,1781,1532,SUV,https://ev-database.org/car/2184/Alfa-Romeo-Junior-Elettrica-54-kWh,15854000.0
Alfa,Romeo Junior Elettrica 54 kWh Veloce,200,50.8,Lithium-ion,102.0,345.0,164,310,6.0,85.0,CCS,0.0,400,5,FWD,JB - Compact,4173,1781,1505,SUV,https://ev-database.org/car/2185/Alfa-Romeo-Junior-Elettrica-54-kWh-Veloce,15861000.0
Alpine,A290 Electric 180 hp,160,52.0,Lithium-ion,184.0,285.0,138,310,7.4,70.0,CCS,500.0,326,5,FWD,B - Compact,3997,1823,1512,Hatchback,https://ev-database.org/car/2268/Alpine-A290-Electric-180-hp,6365000.0
Alpine,A290 Electric 220 hp,170,52.0,Lithium-ion,184.0,300.0,144,305,6.4,70.0,CCS,500.0,326,5,FWD,B - Compact,3997,1823,1512,Hatchback,https://ev-database.org/car/2269/Alpine-A290-Electric-220-hp,6367000.0
Audi,A6 Avant e-tron,210,75.8,Lithium-ion,150.0,435.0,146,465,6.0,150.0,CCS,2100.0,502,5,RWD,JE - Executive,4928,1923,1455,Station/Estate,https://ev-database.org/car/3055/Audi-A6-Avant-e-tron,6718000.0
Audi,A6 Avant e-tron performance,210,94.9,Lithium-ion,180.0,565.0,151,575,5.4,200.0,CCS,2100.0,502,5,RWD,JE - Executive,4928,1923,1455,Station/Estate,https://ev-database.org/car/2272/Audi-A6-Avant-e-tron-performance,7011000.0
Audi,A6 Avant e-tron quattro,210,94.9,Lithium-ion,180.0,855.0,157,560,4.5,200.0,CCS,2100.0,502,5,AWD,JE - Executive,4928,1923,1455,Station/Estate,https://ev-database.org/car/3054/Audi-A6-Avant-e-tron-quattro,7016000.0
Audi,A6 Sportback e-tron,210,75.8,Lithium-ion,150.0,435.0,136,495,6.0,150.0,CCS,2100.0,502,5,RWD,JE - Executive,4928,1923,1455,Liftback Sedan,https://ev-database.org/car/3053/Audi-A6-Sportback-e-tron,6743000.0
Audi,A6 Sportback e-tron performance,210,94.9,Lithium-ion,180.0,565.0,141,610,5.4,200.0,CCS,2100.0,502,5,RWD,JE - Executive,4928,1923,1455,Liftback Sedan,https://ev-database.org/car/2270/Audi-A6-Sportback-e-tron-performance,7010000.0
Audi,A6 Sportback e-tron quattro,210,94.9,Lithium-ion,180.0,855.0,147,590,4.7,200.0,CCS,2100.0,502,5,AWD,JE - Executive,4928,1923,1455,Liftback Sedan,https://ev-database.org/car/3052/Audi-A6-Sportback-e-tron-quattro,7007000.0
Audi,Q4 Sportback e-tron 40,160,59.0,Lithium-ion,216.0,310.0,156,340,8.1,110.0,CCS,1000.0,520,5,RWD,JC - Medium,4588,1865,1614,SUV,https://ev-database.org/car/3149/Audi-Q4-Sportback-e-tron-40,6457000.0
Audi,Q4 Sportback e-tron 45,180,77.0,Lithium-ion,288.0,545.0,162,435,6.7,120.0,CCS,1000.0,535,5,RWD,JC - Medium,4588,1865,1614,SUV,https://ev-database.org/car/2016/Audi-Q4-Sportback-e-tron-45,6740000.0
Audi,Q4 Sportback e-tron 45 quattro,180,77.0,Lithium-ion,288.0,679.0,165,410,6.6,120.0,CCS,1200.0,535,5,AWD,JC - Medium,4588,1865,1614,SUV,https://ev-database.org/car/2017/Audi-Q4-Sportback-e-tron-45-quattro,6733000.0
Audi,Q4 Sportback e-tron 55 quattro,180,77.0,Lithium-ion,288.0,679.0,165,415,5.4,120.0,CCS,1200.0,535,5,AWD,JC - Medium,4588,1865,1614,SUV,https://ev-database.org/car/2018/Audi-Q4-Sportback-e-tron-55-quattro,6738000.0
Audi,Q4 e-tron 40,160,59.0,Lithium-ion,216.0,310.0,159,325,8.1,110.0,CCS,1000.0,520,5,RWD,JC - Medium,4588,1865,1632,SUV,https://ev-database.org/car/3148/Audi-Q4-e-tron-40,6457000.0
Audi,Q4 e-tron 45,180,77.0,Lithium-ion,288.0,545.0,169,420,6.7,120.0,CCS,1000.0,520,5,RWD,JC - Medium,4588,1865,1632,SUV,https://ev-database.org/car/2013/Audi-Q4-e-tron-45,6732000.0
Audi,Q4 e-tron 45 quattro,180,77.0,Lithium-ion,288.0,679.0,171,395,6.6,120.0,CCS,1200.0,520,5,AWD,JC - Medium,4588,1865,1632,SUV,https://ev-database.org/car/2014/Audi-Q4-e-tron-45-quattro,6731000.0
Audi,Q4 e-tron 55 quattro,180,77.0,Lithium-ion,288.0,679.0,171,395,5.4,120.0,CCS,1200.0,520,5,AWD,JC - Medium,4588,1865,1632,SUV,https://ev-database.org/car/2015/Audi-Q4-e-tron-55-quattro,6712000.0
Audi,Q6 e-tron,210,75.8,Lithium-ion,150.0,450.0,166,395,7.0,150.0,CCS,2000.0,526,5,RWD,JD - Large,4771,1939,1685,SUV,https://ev-database.org/car/2281/Audi-Q6-e-tron,6702000.0
Audi,Q6 e-tron Sportback,210,75.8,Lithium-ion,150.0,450.0,139,410,7.0,150.0,CCS,2000.0,511,5,RWD,JD - Large,4771,1939,1665,SUV,https://ev-database.org/car/3041/Audi-Q6-e-tron-Sportback,6707000.0
Audi,Q6 e-tron Sportback performance,210,94.9,Lithium-ion,180.0,485.0,145,510,6.6,190.0,CCS,2000.0,511,5,RWD,JD - Large,4771,1939,1665,SUV,https://ev-database.org/car/3042/Audi-Q6-e-tron-Sportback-performance,6994000.0
Audi,Q6 e-tron Sportback quattro,210,94.9,Lithium-ion,180.0,855.0,149,500,5.9,200.0,CCS,2400.0,511,5,AWD,JD - Large,4771,1939,1665,SUV,https://ev-database.org/car/3043/Audi-Q6-e-tron-Sportback-quattro,6989000.0
Audi,Q6 e-tron performance,210,94.9,Lithium-ion,180.0,485.0,171,490,6.6,190.0,CCS,2000.0,526,5,RWD,JD - Large,4771,1939,1685,SUV,https://ev-database.org/car/2215/Audi-Q6-e-tron-performance,6979000.0
Audi,Q6 e-tron quattro,210,94.9,Lithium-ion,180.0,855.0,176,480,5.9,200.0,CCS,2400.0,10 Banana Boxes,5,AWD,JD - Large,4771,1939,1685,SUV,https://ev-database.org/car/2146/Audi-Q6-e-tron-quattro,6991000.0
Audi,S6 Avant e-tron,240,94.9,Lithium-ion,180.0,855.0,156,530,3.9,200.0,CCS,2100.0,502,5,AWD,JE - Executive,4928,1923,1493,Station/Estate,https://ev-database.org/car/2273/Audi-S6-Avant-e-tron,6986000.0
Audi,S6 Sportback e-tron,240,94.9,Lithium-ion,180.0,855.0,149,555,3.9,200.0,CCS,2100.0,502,5,AWD,JE - Executive,4928,1923,1465,Liftback Sedan,https://ev-database.org/car/2271/Audi-S6-Sportback-e-tron,7013000.0
Audi,SQ6 e-tron,230,94.9,Lithium-ion,180.0,855.0,169,470,4.3,200.0,CCS,2400.0,514,5,AWD,JD - Large,4771,1965,1685,SUV,https://ev-database.org/car/2147/Audi-SQ6-e-tron,6980000.0
Audi,SQ6 e-tron Sportback,230,94.9,Lithium-ion,180.0,855.0,164,495,4.3,200.0,CCS,2400.0,511,5,AWD,JD - Large,4771,1965,1665,SUV,https://ev-database.org/car/3044/Audi-SQ6-e-tron-Sportback,6986000.0
Audi,e-tron GT RS,250,97.0,Lithium-ion,396.0,865.0,184,525,2.8,281.0,CCS,0.0,350,4,AWD,F - Luxury,4997,1964,1389,Sedan,https://ev-database.org/car/2220/Audi-e-tron-GT-RS,7039000.0
Audi,e-tron GT RS performance,250,97.0,Lithium-ion,396.0,1027.0,182,525,2.5,281.0,CCS,0.0,350,4,AWD,F - Luxury,4997,1964,1389,Sedan,https://ev-database.org/car/2221/Audi-e-tron-GT-RS-performance,7021000.0
Audi,e-tron GT S,245,97.0,Lithium-ion,396.0,740.0,172,540,3.4,281.0,CCS,0.0,405,4,AWD,F - Luxury,5004,1964,1394,Sedan,https://ev-database.org/car/2219/Audi-e-tron-GT-S,7019000.0
Audi,e-tron GT quattro,245,97.0,Lithium-ion,396.0,625.0,169,540,4.0,281.0,CCS,0.0,405,4,AWD,F - Luxury,5004,1964,1394,Sedan,https://ev-database.org/car/3182/Audi-e-tron-GT-quattro,7014000.0
BMW,i4 M50,225,81.3,Lithium-ion,216.0,795.0,197,450,3.9,131.0,CCS,1600.0,470,5,AWD,D - Large,4783,1852,1448,Liftback Sedan,https://ev-database.org/car/2201/BMW-i4-M50,6786000.0
BMW,i4 eDrive35,190,67.1,Lithium-ion,216.0,400.0,174,430,6.0,95.0,CCS,1600.0,470,5,RWD,D - Large,4783,1852,1448,Liftback Sedan,https://ev-database.org/car/2198/BMW-i4-eDrive35,6585000.0
BMW,i4 eDrive40,190,81.3,Lithium-ion,216.0,430.0,174,515,5.6,131.0,CCS,1600.0,470,5,RWD,D - Large,4783,1852,1448,Liftback Sedan,https://ev-database.org/car/2199/BMW-i4-eDrive40,6811000.0
BMW,i4 xDrive40,200,81.3,Lithium-ion,216.0,600.0,183,490,5.1,131.0,CCS,1600.0,470,5,AWD,D - Large,4783,1852,1448,Liftback Sedan,https://ev-database.org/car/2200/BMW-i4-xDrive40,6811000.0
BMW,i5 M60 xDrive Sedan (MY25),230,81.2,Lithium-ion,216.0,795.0,172,430,3.8,136.0,CCS,2000.0,490,5,AWD,E - Executive,5060,1900,1505,Sedan,https://ev-database.org/car/3114/BMW-i5-M60-xDrive-Sedan,6848000.0
BMW,i5 M60 xDrive Touring (MY25),230,81.2,Lithium-ion,216.0,795.0,179,425,3.9,136.0,CCS,2000.0,570,5,AWD,E - Executive,5060,1900,1505,Station/Estate,https://ev-database.org/car/3117/BMW-i5-M60-xDrive-Touring,6787000.0
BMW,i5 eDrive40 Sedan (MY25),193,81.2,Lithium-ion,216.0,400.0,159,480,6.0,136.0,CCS,1500.0,490,5,RWD,E - Executive,5060,1900,1515,Sedan,https://ev-database.org/car/3112/BMW-i5-eDrive40-Sedan,6857000.0
BMW,i5 eDrive40 Touring (MY25),193,81.2,Lithium-ion,216.0,400.0,165,465,6.1,136.0,CCS,1500.0,570,5,RWD,E - Executive,5060,1900,1515,Station/Estate,https://ev-database.org/car/3115/BMW-i5-eDrive40-Touring,6802000.0
BMW,i5 xDrive40 Sedan (MY25),215,81.2,Lithium-ion,216.0,590.0,167,465,5.4,136.0,CCS,2000.0,490,5,AWD,E - Executive,5060,1900,1515,Sedan,https://ev-database.org/car/3113/BMW-i5-xDrive40-Sedan,6838000.0
BMW,i5 xDrive40 Touring (MY25),215,81.2,Lithium-ion,216.0,590.0,174,450,5.5,136.0,CCS,2000.0,570,5,AWD,E - Executive,5060,1900,1515,Station/Estate,https://ev-database.org/car/3116/BMW-i5-xDrive40-Touring,6790000.0
BMW,i7 M70 xDrive,250,101.7,Lithium-ion,216.0,1100.0,208,490,3.7,159.0,CCS,0.0,500,5,AWD,F - Luxury,5391,1950,1544,Sedan,https://ev-database.org/car/1838/BMW-i7-M70-xDrive,7090000.0
BMW,i7 eDrive50,205,101.7,Lithium-ion,216.0,650.0,177,520,5.5,159.0,CCS,0.0,500,5,RWD,F - Luxury,5391,1950,1544,Sedan,https://ev-database.org/car/1905/BMW-i7-eDrive50,7100000.0
BMW,i7 xDrive60,240,101.7,Lithium-ion,216.0,745.0,172,510,4.7,159.0,CCS,2000.0,500,5,AWD,F - Luxury,5391,1950,1544,Sedan,https://ev-database.org/car/1676/BMW-i7-xDrive60,7085000.0
BMW,iX M70 xDrive,250,108.9,Lithium-ion,216.0,1015.0,209,500,3.8,150.0,CCS,2500.0,500,5,AWD,JE - Executive,4965,1970,1695,SUV,https://ev-database.org/car/3111/BMW-iX-M70-xDrive,7177000.0
BMW,iX xDrive45,200,94.8,Lithium-ion,216.0,700.0,193,470,5.1,115.0,CCS,2500.0,500,5,AWD,JE - Executive,4965,1970,1695,SUV,https://ev-database.org/car/3109/BMW-iX-xDrive45,6974000.0
BMW,iX xDrive60,200,109.1,Lithium-ion,216.0,765.0,194,525,4.6,150.0,CCS,2500.0,500,5,AWD,JE - Executive,4965,1970,1695,SUV,https://ev-database.org/car/3110/BMW-iX-xDrive60,7182000.0
BMW,iX1 eDrive20,170,64.7,Lithium-ion,216.0,247.0,150,390,8.3,94.0,CCS,750.0,490,5,FWD,JC - Medium,4500,1845,1616,SUV,https://ev-database.org/car/1996/BMW-iX1-eDrive20,6572000.0
BMW,iX1 xDrive30,180,64.7,Lithium-ion,216.0,494.0,155,380,5.6,94.0,CCS,1200.0,490,5,AWD,JC - Medium,4500,1845,1616,SUV,https://ev-database.org/car/1701/BMW-iX1-xDrive30,6551000.0
BMW,iX2 eDrive20,170,64.7,Lithium-ion,216.0,247.0,147,395,8.6,94.0,CCS,750.0,525,5,FWD,JC - Medium,4554,1845,1560,SUV,https://ev-database.org/car/2097/BMW-iX2-eDrive20,6550000.0
BMW,iX2 xDrive30,180,64.7,Lithium-ion,216.0,494.0,155,385,5.6,94.0,CCS,1200.0,525,5,AWD,JC - Medium,4554,1845,1560,SUV,https://ev-database.org/car/2040/BMW-iX2-xDrive30,6560000.0
BYD,ATTO 2,160,45.1,Lithium-ion,216.0,290.0,145,245,7.9,51.0,CCS,750.0,400,5,FWD,JB - Compact,4310,1830,1675,SUV,https://ev-database.org/car/3125/BYD-ATTO-2,6247000.0
BYD,ATTO 3 (MY25),160,60.5,Lithium-ion,126.0,310.0,144,340,7.3,75.0,CCS,750.0,440,5,FWD,JC - Medium,4455,1875,1615,SUV,https://ev-database.org/car/3192/BYD-ATTO-3,6493000.0
BYD,DOLPHIN 44.9 kWh Active,150,44.9,Lithium-ion,104.0,180.0,132,265,12.3,50.0,CCS,0.0,345,5,FWD,C - Medium,4290,1770,1570,Hatchback,https://ev-database.org/car/1917/BYD-DOLPHIN-449-kWh-Active,6261000.0
BYD,DOLPHIN 44.9 kWh Boost,160,44.9,Lithium-ion,104.0,430.0,145,260,8.0,50.0,CCS,0.0,345,5,FWD,C - Medium,4290,1770,1570,Hatchback,https://ev-database.org/car/1918/BYD-DOLPHIN-449-kWh-Boost,6253000.0
BYD,DOLPHIN 60.4 kWh,160,60.5,Lithium-ion,126.0,310.0,142,350,7.0,65.0,CCS,0.0,345,5,FWD,C - Medium,4290,1770,1570,Hatchback,https://ev-database.org/car/1919/BYD-DOLPHIN-604-kWh,6505000.0
BYD,DOLPHIN SURF 30 kWh Active,150,30.0,Lithium-ion,94.0,175.0,136,190,11.1,45.0,CCS,0.0,308,4,FWD,B - Compact,3990,1720,1590,Hatchback,https://ev-database.org/car/3193/BYD-DOLPHIN-SURF-30-kWh-Active,6034000.0
BYD,DOLPHIN SURF 43.2 kWh Boost,150,43.2,Lithium-ion,90.0,175.0,134,270,12.1,60.0,CCS,0.0,308,4,FWD,B - Compact,3990,1720,1590,Hatchback,https://ev-database.org/car/3194/BYD-DOLPHIN-SURF-432-kWh-Boost,6248000.0
BYD,DOLPHIN SURF 43.2 kWh Comfort,150,43.2,Lithium-ion,90.0,220.0,139,265,9.1,60.0,CCS,0.0,308,4,FWD,B - Compact,3990,1720,1590,Hatchback,https://ev-database.org/car/3195/BYD-DOLPHIN-SURF-432-kWh-Comfort,6241000.0
BYD,SEAL 61.4 kWh RWD Comfort,220,61.4,Lithium-ion,128.0,380.0,133,365,7.5,75.0,CCS,750.0,400,5,RWD,D - Large,4800,1875,1460,Sedan,https://ev-database.org/car/3102/BYD-SEAL-614-kWh-RWD-Comfort,6545000.0
BYD,SEAL 82.5 kWh AWD Excellence,180,82.5,Lithium-ion,172.0,670.0,159,445,3.8,100.0,CCS,1500.0,400,5,AWD,D - Large,4800,1875,1460,Sedan,https://ev-database.org/car/2002/BYD-SEAL-825-kWh-AWD-Excellence,6851000.0
BYD,SEAL 82.5 kWh RWD Design,180,82.5,Lithium-ion,172.0,360.0,145,480,5.9,100.0,CCS,750.0,400,5,RWD,D - Large,4800,1875,1460,Sedan,https://ev-database.org/car/2001/BYD-SEAL-825-kWh-RWD-Design,6860000.0
BYD,SEAL U 71.8 kWh Comfort,175,71.8,Lithium-ion,132.0,310.0,171,360,9.3,72.0,CCS,1300.0,552,5,FWD,JD - Large,4785,1890,1668,SUV,https://ev-database.org/car/2094/BYD-SEAL-U-718-kWh-Comfort,6693000.0
BYD,SEAL U 87 kWh Design,175,87.0,Lithium-ion,160.0,330.0,174,425,9.6,85.0,CCS,1300.0,552,5,FWD,JD - Large,4785,1890,1668,SUV,https://ev-database.org/car/2067/BYD-SEAL-U-87-kWh-Design,6925000.0
BYD,SEALION 7 82.5 kWh AWD Design,215,82.5,Lithium-ion,172.0,690.0,181,400,4.5,115.0,CCS,1500.0,520,5,AWD,JD - Large,4830,1925,1620,SUV,https://ev-database.org/car/3071/BYD-SEALION-7-825-kWh-AWD-Design,6840000.0
BYD,SEALION 7 82.5 kWh RWD Comfort,215,82.5,Lithium-ion,172.0,380.0,171,415,6.7,115.0,CCS,750.0,520,5,RWD,JD - Large,4830,1925,1620,SUV,https://ev-database.org/car/3070/BYD-SEALION-7-825-kWh-RWD-Comfort,6843000.0
BYD,SEALION 7 91.3 kWh AWD Excellence,215,91.3,Lithium-ion,216.0,690.0,182,430,4.5,165.0,CCS,1500.0,520,5,AWD,JD - Large,4830,1925,1620,SUV,https://ev-database.org/car/3072/BYD-SEALION-7-913-kWh-AWD-Excellence,6984000.0
BYD,TANG Flagship,190,108.8,Lithium-ion,216.0,700.0,205,460,4.9,100.0,CCS,1500.0,235,7,AWD,JE - Executive,4970,1955,1745,SUV,https://ev-database.org/car/2095/BYD-TANG-Flagship,7176000.0
CUPRA,Born 170 kW - 59 kWh,160,59.0,Lithium-ion,216.0,310.0,156,360,6.7,110.0,CCS,0.0,385,5,RWD,C - Medium,4322,1809,1540,Hatchback,https://ev-database.org/car/2233/CUPRA-Born-170-kW---59-kWh,15959000.0
CUPRA,Born 170 kW - 77 kWh,160,77.0,Lithium-ion,288.0,310.0,157,460,7.0,125.0,CCS,0.0,385,5,RWD,C - Medium,4322,1809,1540,Hatchback,https://ev-database.org/car/2234/CUPRA-Born-170-kW---77-kWh,16232000.0
CUPRA,Born VZ,200,79.0,Lithium-ion,288.0,545.0,149,465,5.6,135.0,CCS,0.0,385,5,RWD,C - Medium,4322,1809,1538,Hatchback,https://ev-database.org/car/2128/CUPRA-Born-VZ,16271000.0
CUPRA,Tavascan Endurance,180,77.0,Lithium-ion,288.0,545.0,142,445,6.8,120.0,CCS,1000.0,540,5,RWD,JC - Medium,4644,1861,1597,SUV,https://ev-database.org/car/1971/CUPRA-Tavascan-Endurance,16224000.0
CUPRA,Tavascan VZ,180,77.0,Lithium-ion,288.0,545.0,150,425,5.5,120.0,CCS,1200.0,540,5,AWD,JC - Medium,4644,1861,1597,SUV,https://ev-database.org/car/1972/CUPRA-Tavascan-VZ,16246000.0
Cadillac,Lyriq 600 E4,210,102.0,Lithium-ion,288.0,610.0,192,460,5.3,165.0,CCS,1587.0,793,5,AWD,JF - Luxury,5005,1977,1623,SUV,https://ev-database.org/car/2243/Cadillac-Lyriq-600-E4,16563000.0
Citroen,e-Berlingo M 50 kWh,132,50.0,Lithium-ion,216.0,260.0,149,235,11.7,80.0,CCS,750.0,775,5,FWD,N - Passenger Van,4403,1921,1803,Small Passenger Van,https://ev-database.org/car/2159/Citroen-e-Berlingo-M-50-kWh,2016000.0
Citroen,e-Berlingo XL 50 kWh,132,50.0,Lithium-ion,216.0,260.0,149,230,11.7,80.0,CCS,750.0,1050,7,FWD,N - Passenger Van,4753,1921,1814,Small Passenger Van,https://ev-database.org/car/2160/Citroen-e-Berlingo-XL-50-kWh,2009000.0
Citroen,e-C3,135,44.0,Lithium-ion,216.0,120.0,135,255,11.5,60.0,CCS,550.0,310,5,FWD,B - Compact,4015,1755,1577,Hatchback,https://ev-database.org/car/2039/Citroen-e-C3,1933000.0
Citroen,e-C3 Aircross,145,44.0,Lithium-ion,216.0,125.0,144,240,12.9,60.0,CCS,350.0,460,5,FWD,JB - Compact,4395,1795,1660,SUV,https://ev-database.org/car/2224/Citroen-e-C3-Aircross,2080000.0
Citroen,e-C4,150,46.3,Lithium-ion,216.0,260.0,135,285,9.9,78.0,CCS,0.0,380,5,FWD,C - Medium,4360,1834,1525,Hatchback,https://ev-database.org/car/3047/Citroen-e-C4,1994000.0
Citroen,e-C4 54 kWh,150,50.8,Lithium-ion,102.0,260.0,122,325,9.1,78.0,CCS,0.0,380,5,FWD,C - Medium,4360,1834,1525,Hatchback,https://ev-database.org/car/3048/Citroen-e-C4-54-kWh,2052000.0
Citroen,e-C4 X,150,46.3,Lithium-ion,216.0,260.0,132,290,9.9,78.0,CCS,0.0,510,5,FWD,C - Medium,4600,1834,1525,Sedan,https://ev-database.org/car/3049/Citroen-e-C4-X,1974000.0
Citroen,e-C4 X 54 kWh,150,50.8,Lithium-ion,102.0,260.0,119,335,9.1,78.0,CCS,0.0,510,5,FWD,C - Medium,4600,1834,1525,Sedan,https://ev-database.org/car/3050/Citroen-e-C4-X-54-kWh,2043000.0
Citroen,e-SpaceTourer M 50 kWh,130,46.3,Lithium-ion,216.0,220.0,217,180,13.3,78.0,CCS,1000.0,603,9,FWD,N - Passenger Van,4983,1920,1890,Small Passenger Van,https://ev-database.org/car/2252/Citroen-e-SpaceTourer-M-50-kWh,1958000.0
Citroen,e-SpaceTourer M 75 kWh,130,68.0,Lithium-ion,324.0,220.0,202,260,14.2,79.0,CCS,1000.0,603,9,FWD,N - Passenger Van,4983,1920,1890,Small Passenger Van,https://ev-database.org/car/2254/Citroen-e-SpaceTourer-M-75-kWh,2285000.0
Citroen,e-SpaceTourer XL 50 kWh,130,46.3,Lithium-ion,216.0,220.0,219,180,13.3,78.0,CCS,1000.0,989,9,FWD,N - Passenger Van,5333,1920,1890,Small Passenger Van,https://ev-database.org/car/2253/Citroen-e-SpaceTourer-XL-50-kWh,1946000.0
Citroen,e-SpaceTourer XL 75 kWh,130,68.0,Lithium-ion,324.0,220.0,204,260,14.2,79.0,CCS,1000.0,989,9,FWD,N - Passenger Van,5333,1920,1890,Small Passenger Van,https://ev-database.org/car/2255/Citroen-e-SpaceTourer-XL-75-kWh,2272000.0
DS,3 E-Tense,150,50.8,Lithium-ion,102.0,260.0,128,300,9.0,85.0,CCS,0.0,350,5,FWD,JB - Compact,4118,1802,1534,SUV,https://ev-database.org/car/1791/DS-3-E-Tense,15839000.0
DS,N째4 E-Tense,160,58.3,Lithium-ion,216.0,345.0,130,375,7.1,70.0,CCS,0.0,390,5,FWD,JC - Medium,4400,1866,1470,Hatchback,https://ev-database.org/car/3200/DS-N4-E-Tense,15977000.0
DS,N째8 AWD Long Range,190,97.2,Lithium-ion,216.0,511.0,146,530,5.4,130.0,CCS,1400.0,620,5,AWD,JD - Large,4834,1920,1574,SUV,https://ev-database.org/car/3078/DS-N8-AWD-Long-Range,16521000.0
DS,N째8 FWD,190,73.7,Lithium-ion,216.0,345.0,141,415,7.7,100.0,CCS,1260.0,620,5,FWD,JD - Large,4834,1920,1574,SUV,https://ev-database.org/car/3076/DS-N8-FWD,16199000.0
DS,N째8 FWD Long Range,190,97.2,Lithium-ion,216.0,345.0,136,545,7.8,130.0,CCS,1200.0,620,5,FWD,JD - Large,4834,1920,1574,SUV,https://ev-database.org/car/3077/DS-N8-FWD-Long-Range,16534000.0
Dacia,Spring Electric 45,125,25.0,Lithium-ion,72.0,125.0,109,165,19.1,29.0,CCS,0.0,308,4,FWD,A - Mini,3700,1622,1516,Hatchback,https://ev-database.org/car/2126/Dacia-Spring-Electric-45,1669000.0
Dacia,Spring Electric 65,125,25.0,Lithium-ion,72.0,113.0,114,160,13.7,29.0,CCS,0.0,308,4,FWD,A - Mini,3700,1622,1516,Hatchback,https://ev-database.org/car/2127/Dacia-Spring-Electric-65,1673000.0
Dongfeng,Box 31.4 kWh,140,29.0,Lithium-ion,216.0,160.0,126,190,12.5,50.0,CCS,1000.0,326,5,FWD,B - Compact,4020,1810,1570,Hatchback,https://ev-database.org/car/3035/Dongfeng-Box-314-kWh,1715000.0
Dongfeng,Box 42.3 kWh,140,40.0,Lithium-ion,216.0,160.0,129,255,12.5,51.0,CCS,1000.0,326,5,FWD,B - Compact,4020,1810,1570,Hatchback,https://ev-database.org/car/3036/Dongfeng-Box-423-kWh,1881000.0
Elaris,BEO 86 kWh,150,81.0,Lithium-ion,216.0,320.0,203,390,9.5,65.0,CCS,1000.0,467,5,FWD,JD - Large,4698,1908,1696,SUV,https://ev-database.org/car/1975/Elaris-BEO-86-kWh,2478000.0
Fiat,500e 3+1 24 kWh,135,21.3,Lithium-ion,108.0,220.0,112,135,9.0,40.0,CCS,0.0,185,4,FWD,B - Compact,3631,1683,1529,Hatchback,https://ev-database.org/car/1726/Fiat-500e-3plus1-24-kWh,1602000.0
Fiat,500e 3+1 42 kWh,150,37.3,Lithium-ion,192.0,220.0,122,235,9.0,67.0,CCS,0.0,185,4,FWD,B - Compact,3631,1683,1529,Hatchback,https://ev-database.org/car/1328/Fiat-500e-3plus1-42-kWh,1843000.0
Fiat,500e Cabrio 24 kWh,135,21.3,Lithium-ion,108.0,220.0,112,135,9.0,40.0,CCS,0.0,185,4,FWD,B - Compact,3631,1683,1529,Cabriolet,https://ev-database.org/car/1727/Fiat-500e-Cabrio-24-kWh,1621000.0
Fiat,500e Cabrio 42 kWh,150,37.3,Lithium-ion,192.0,220.0,125,230,9.0,67.0,CCS,0.0,185,4,FWD,B - Compact,3631,1683,1529,Cabriolet,https://ev-database.org/car/1275/Fiat-500e-Cabrio-42-kWh,1849000.0
Fiat,500e Hatchback 24 kWh,135,21.3,Lithium-ion,108.0,220.0,112,135,9.0,40.0,CCS,0.0,185,4,FWD,B - Compact,3631,1683,1529,Hatchback,https://ev-database.org/car/1327/Fiat-500e-Hatchback-24-kWh,1619000.0
Fiat,500e Hatchback 42 kWh,150,37.3,Lithium-ion,192.0,220.0,118,235,9.0,67.0,CCS,0.0,185,4,FWD,B - Compact,3631,1683,1529,Hatchback,https://ev-database.org/car/1285/Fiat-500e-Hatchback-42-kWh,1864000.0
Fiat,600e,150,50.8,Lithium-ion,102.0,260.0,124,310,9.0,79.0,CCS,0.0,360,5,FWD,JB - Compact,4171,1781,1523,SUV,https://ev-database.org/car/1945/Fiat-600e,2064000.0
Fiat,Grande Panda,132,43.8,Lithium-ion,216.0,122.0,136,260,11.0,60.0,CCS,550.0,361,5,FWD,B - Compact,3999,1763,1570,Hatchback,https://ev-database.org/car/2251/Fiat-Grande-Panda,1945000.0
Ford,Capri Extended Range AWD,180,79.0,Lithium-ion,288.0,679.0,148,455,5.3,135.0,CCS,1200.0,572,5,AWD,D - Large,4643,1872,1626,Liftback Sedan,https://ev-database.org/car/2242/Ford-Capri-Extended-Range-AWD,3468000.0
Ford,Capri Extended Range RWD,180,77.0,Lithium-ion,288.0,545.0,135,455,6.4,120.0,CCS,1000.0,572,5,RWD,D - Large,4643,1872,1626,Liftback Sedan,https://ev-database.org/car/2241/Ford-Capri-Extended-Range-RWD,3436000.0
Ford,Capri Standard Range RWD,160,52.0,Lithium-ion,192.0,310.0,163,320,9.0,85.0,CCS,1000.0,572,5,RWD,D - Large,4643,1872,1626,Liftback Sedan,https://ev-database.org/car/2240/Ford-Capri-Standard-Range-RWD,3073000.0
Ford,Explorer Extended Range AWD,180,79.0,Lithium-ion,288.0,679.0,153,440,5.3,135.0,CCS,1200.0,536,5,AWD,JC - Medium,4468,1871,1639,SUV,https://ev-database.org/car/2169/Ford-Explorer-Extended-Range-AWD,3450000.0
Ford,Explorer Extended Range RWD,180,77.0,Lithium-ion,288.0,545.0,139,435,6.4,120.0,CCS,1000.0,536,5,RWD,JC - Medium,4468,1871,1630,SUV,https://ev-database.org/car/2168/Ford-Explorer-Extended-Range-RWD,3446000.0
Ford,Explorer Standard Range RWD,160,52.0,Lithium-ion,192.0,310.0,137,305,8.7,85.0,CCS,1000.0,536,5,RWD,JC - Medium,4468,1871,1630,SUV,https://ev-database.org/car/2167/Ford-Explorer-Standard-Range-RWD,3080000.0
Ford,Mustang Mach-E ER AWD (MY25),180,88.0,Lithium-ion,216.0,675.0,160,435,4.8,105.0,CCS,1500.0,519,5,AWD,JD - Large,4713,1881,1624,SUV,https://ev-database.org/car/3189/Ford-Mustang-Mach-E-ER-AWD,3591000.0
Ford,Mustang Mach-E ER AWD (MY24),180,91.0,Lithium-ion,376.0,675.0,165,445,4.6,115.0,CCS,1500.0,519,5,AWD,JD - Large,4713,1881,1624,SUV,https://ev-database.org/car/2279/Ford-Mustang-Mach-E-ER-AWD,3636000.0
Ford,Mustang Mach-E ER RWD (MY25),180,88.0,Lithium-ion,216.0,525.0,147,475,6.1,105.0,CCS,1500.0,519,5,RWD,JD - Large,4713,1881,1624,SUV,https://ev-database.org/car/3188/Ford-Mustang-Mach-E-ER-RWD,3588000.0
Ford,Mustang Mach-E ER RWD (MY24),180,91.0,Lithium-ion,376.0,525.0,152,480,5.9,115.0,CCS,1500.0,519,5,RWD,JD - Large,4713,1881,1624,SUV,https://ev-database.org/car/2278/Ford-Mustang-Mach-E-ER-RWD,3638000.0
Ford,Mustang Mach-E GT (MY24),200,91.0,Lithium-ion,376.0,950.0,177,425,3.8,115.0,CCS,750.0,519,5,AWD,JD - Large,4743,1881,1613,SUV,https://ev-database.org/car/2280/Ford-Mustang-Mach-E-GT,3611000.0
Ford,Mustang Mach-E GT (MY25),200,91.0,Lithium-ion,376.0,950.0,177,435,3.8,115.0,CCS,750.0,519,5,AWD,JD - Large,4743,1881,1613,SUV,https://ev-database.org/car/3190/Ford-Mustang-Mach-E-GT,3619000.0
Ford,Mustang Mach-E Rally (MY25),200,91.0,Lithium-ion,376.0,950.0,178,415,3.9,115.0,CCS,750.0,519,5,AWD,JD - Large,4743,1881,1633,SUV,https://ev-database.org/car/3191/Ford-Mustang-Mach-E-Rally,3610000.0
Ford,Mustang Mach-E Rally (MY24),200,91.0,Lithium-ion,376.0,950.0,178,410,3.9,115.0,CCS,750.0,519,5,AWD,JD - Large,4743,1881,1633,SUV,https://ev-database.org/car/2275/Ford-Mustang-Mach-E-Rally,3629000.0
Ford,Mustang Mach-E SR RWD (MY24),180,72.6,Lithium-ion,216.0,525.0,154,385,6.2,100.0,CCS,750.0,519,5,RWD,JD - Large,4713,1881,1624,SUV,https://ev-database.org/car/2277/Ford-Mustang-Mach-E-SR-RWD,3350000.0
Ford,Mustang Mach-E SR RWD (MY25),180,72.6,Lithium-ion,216.0,525.0,154,380,6.2,100.0,CCS,750.0,519,5,RWD,JD - Large,4713,1881,1624,SUV,https://ev-database.org/car/3187/Ford-Mustang-Mach-E-SR-RWD,3365000.0
Ford,Puma Gen-E,160,43.6,Lithium-ion,216.0,290.0,126,275,8.0,85.0,CCS,750.0,523,5,FWD,JB - Compact,4214,1805,1555,SUV,https://ev-database.org/car/3073/Ford-Puma-Gen-E,2942000.0
Ford,e-Tourneo Courier,145,43.6,Lithium-ion,216.0,290.0,164,200,11.0,80.0,CCS,750.0,Unknown,5,FWD,N - Passenger Van,4337,1876,1817,Small Passenger Van,https://ev-database.org/car/3166/Ford-e-Tourneo-Courier,2942000.0
Ford,e-Tourneo Custom L1 160 kW,130,64.0,Lithium-ion,216.0,415.0,370,235,9.0,70.0,CCS,2000.0,672,8,RWD,N - Passenger Van,5050,1999,1959,Small Passenger Van,https://ev-database.org/car/3162/Ford-e-Tourneo-Custom-L1-160-kW,3215000.0
Ford,e-Tourneo Custom L1 210 kW,130,64.0,Lithium-ion,216.0,415.0,370,235,8.0,70.0,CCS,2000.0,672,8,RWD,N - Passenger Van,5050,1999,1959,Small Passenger Van,https://ev-database.org/car/3163/Ford-e-Tourneo-Custom-L1-210-kW,3214000.0
Ford,e-Tourneo Custom L2 160 kW,150,64.0,Lithium-ion,216.0,415.0,370,235,9.0,70.0,CCS,2000.0,672,8,RWD,N - Passenger Van,5908,1999,1959,Small Passenger Van,https://ev-database.org/car/3164/Ford-e-Tourneo-Custom-L2-160-kW,3199000.0
Ford,e-Tourneo Custom L2 210 kW,150,64.0,Lithium-ion,216.0,415.0,370,235,8.0,70.0,CCS,2000.0,672,8,RWD,N - Passenger Van,5908,1999,1959,Small Passenger Van,https://ev-database.org/car/3165/Ford-e-Tourneo-Custom-L2-210-kW,3219000.0
GWM,ORA 03 48 kWh,160,45.4,Lithium-ion,216.0,250.0,146,260,8.3,45.0,CCS,0.0,228,5,FWD,C - Medium,4235,1825,1603,Hatchback,https://ev-database.org/car/2091/GWM-ORA-03-48-kWh,2958000.0
GWM,ORA 03 63 kWh,160,59.3,Lithium-ion,216.0,250.0,141,340,8.2,56.0,CCS,0.0,228,5,FWD,C - Medium,4235,1825,1603,Hatchback,https://ev-database.org/car/2092/GWM-ORA-03-63-kWh,3172000.0
GWM,ORA 03 GT,160,59.3,Lithium-ion,216.0,250.0,148,325,8.2,56.0,CCS,0.0,228,5,FWD,C - Medium,4254,1848,1603,Hatchback,https://ev-database.org/car/2093/GWM-ORA-03-GT,3176000.0
GWM,ORA 07 GT,180,83.5,Lithium-ion,216.0,680.0,161,430,4.5,80.0,CCS,0.0,333,5,AWD,D - Large,4871,1862,1500,Sedan,https://ev-database.org/car/2247/GWM-ORA-07-GT,3535000.0
GWM,ORA 07 Pro,170,64.3,Lithium-ion,216.0,340.0,146,350,8.2,75.0,CCS,0.0,333,5,FWD,D - Large,4871,1862,1500,Sedan,https://ev-database.org/car/2246/GWM-ORA-07-Pro,3241000.0
GWM,ORA 07 Pure,170,64.3,Lithium-ion,216.0,340.0,146,350,8.2,75.0,CCS,0.0,333,5,FWD,D - Large,4871,1862,1500,Sedan,https://ev-database.org/car/2245/GWM-ORA-07-Pure,3233000.0
Genesis,G80 Electrified Luxury,225,82.5,Lithium-ion,216.0,700.0,159,440,4.9,160.0,CCS,1000.0,354,5,AWD,F - Luxury,5005,1925,1470,Sedan,https://ev-database.org/car/1703/Genesis-G80-Electrified-Luxury,6800000.0
Genesis,GV60 Premium,185,74.0,Lithium-ion,384.0,350.0,143,390,7.8,200.0,CCS,1600.0,432,5,RWD,JC - Medium,4515,1890,1580,SUV,https://ev-database.org/car/1647/Genesis-GV60-Premium,6687000.0
Genesis,GV60 Sport,200,74.0,Lithium-ion,384.0,605.0,157,375,5.5,200.0,CCS,1600.0,432,5,AWD,JC - Medium,4515,1890,1580,SUV,https://ev-database.org/car/1648/Genesis-GV60-Sport,6674000.0
Genesis,GV60 Sport Plus,235,74.0,Lithium-ion,384.0,700.0,159,360,4.0,200.0,CCS,1600.0,432,5,AWD,JC - Medium,4515,1890,1580,SUV,https://ev-database.org/car/1649/Genesis-GV60-Sport-Plus,6689000.0
Genesis,GV70 Electrified Sport,235,74.0,Lithium-ion,384.0,700.0,163,350,4.2,190.0,CCS,1800.0,503,5,AWD,JD - Large,4715,1910,1630,SUV,https://ev-database.org/car/1725/Genesis-GV70-Electrified-Sport,6679000.0
Honda,e:Ny1,160,61.9,Lithium-ion,216.0,310.0,150,335,7.6,60.0,CCS,0.0,361,5,FWD,JB - Compact,4387,1790,1584,SUV,https://ev-database.org/car/1940/Honda-eNy1,3222000.0
Hongqi,E-HS9 120 kWh,200,112.0,Lithium-ion,216.0,750.0,217,455,4.9,110.0,CCS,1500.0,438,5,AWD,JF - Luxury,5209,2010,1731,SUV,https://ev-database.org/car/2050/Hongqi-E-HS9-120-kWh,16708000.0
Hongqi,E-HS9 84 kWh,200,76.5,Lithium-ion,216.0,600.0,193,320,6.5,112.0,CCS,1500.0,438,5,AWD,JF - Luxury,5209,2010,1731,SUV,https://ev-database.org/car/1746/Hongqi-E-HS9-84-kWh,16216000.0
Hongqi,E-HS9 99 kWh,200,90.0,Lithium-ion,216.0,750.0,194,370,4.9,112.0,CCS,1500.0,438,5,AWD,JF - Luxury,5209,2010,1731,SUV,https://ev-database.org/car/1747/Hongqi-E-HS9-99-kWh,16396000.0
Hyundai,INSTER Long Range,150,46.0,Lithium-ion,216.0,147.0,124,300,10.6,70.0,CCS,1000.0,280,4,FWD,JA - Mini,3825,1610,1575,SUV,https://ev-database.org/car/2231/Hyundai-INSTER-Long-Range,2980000.0
Hyundai,INSTER Standard Range,140,39.0,Lithium-ion,216.0,147.0,119,255,11.7,60.0,CCS,1000.0,280,4,FWD,JA - Mini,3825,1610,1575,SUV,https://ev-database.org/car/2230/Hyundai-INSTER-Standard-Range,2883000.0
Hyundai,IONIQ 5 63 kWh RWD (MY24),185,60.0,Lithium-ion,288.0,350.0,136,345,8.5,150.0,CCS,750.0,520,5,RWD,JC - Medium,4655,1890,1605,SUV,https://ev-database.org/car/2235/Hyundai-IONIQ-5-63-kWh-RWD,3190000.0
Hyundai,IONIQ 5 84 kWh AWD (MY24),185,80.0,Lithium-ion,384.0,605.0,162,445,5.3,205.0,CCS,1600.0,520,5,AWD,JC - Medium,4655,1890,1605,SUV,https://ev-database.org/car/2237/Hyundai-IONIQ-5-84-kWh-AWD,3484000.0
Hyundai,IONIQ 5 84 kWh RWD (MY24),185,80.0,Lithium-ion,384.0,350.0,155,450,7.5,205.0,CCS,1600.0,520,5,RWD,JC - Medium,4655,1890,1605,SUV,https://ev-database.org/car/2236/Hyundai-IONIQ-5-84-kWh-RWD,3481000.0
Hyundai,IONIQ 5 N (MY24),260,80.0,Lithium-ion,384.0,740.0,179,390,3.4,205.0,CCS,0.0,480,5,AWD,JC - Medium,4715,1940,1585,SUV,https://ev-database.org/car/2044/Hyundai-IONIQ-5-N,3459000.0
Hyundai,IONIQ 6 Long Range 2WD,185,74.0,Lithium-ion,384.0,350.0,136,495,7.4,200.0,CCS,1500.0,401,5,RWD,D - Large,4855,1880,1495,Sedan,https://ev-database.org/car/1718/Hyundai-IONIQ-6-Long-Range-2WD,3405000.0
Hyundai,IONIQ 6 Long Range AWD,185,74.0,Lithium-ion,384.0,605.0,143,440,5.1,200.0,CCS,1500.0,401,5,AWD,D - Large,4855,1880,1495,Sedan,https://ev-database.org/car/1719/Hyundai-IONIQ-6-Long-Range-AWD,3399000.0
Hyundai,IONIQ 6 Standard Range 2WD,185,50.0,Lithium-ion,264.0,350.0,117,335,8.8,120.0,CCS,750.0,401,5,RWD,D - Large,4855,1880,1495,Sedan,https://ev-database.org/car/1717/Hyundai-IONIQ-6-Standard-Range-2WD,3039000.0
Hyundai,IONIQ 9 Long Range AWD,200,106.0,Lithium-ion,216.0,605.0,177,490,6.7,195.0,CCS,2500.0,338,7,AWD,JF - Luxury,5060,1980,1790,SUV,https://ev-database.org/car/3068/Hyundai-IONIQ-9-Long-Range-AWD,3844000.0
Hyundai,IONIQ 9 Long Range RWD,185,106.0,Lithium-ion,216.0,350.0,171,500,9.4,195.0,CCS,1600.0,338,7,RWD,JF - Luxury,5060,1980,1790,SUV,https://ev-database.org/car/3067/Hyundai-IONIQ-9-Long-Range-RWD,3853000.0
Hyundai,IONIQ 9 Performance AWD,200,106.0,Lithium-ion,216.0,700.0,177,480,5.2,195.0,CCS,2500.0,338,7,AWD,JF - Luxury,5060,1980,1790,SUV,https://ev-database.org/car/3069/Hyundai-IONIQ-9-Performance-AWD,3824000.0
Hyundai,Kona Electric 48 kWh,160,48.4,Lithium-ion,216.0,255.0,128,295,8.8,50.0,CCS,300.0,466,5,FWD,JB - Compact,4355,1825,1575,SUV,https://ev-database.org/car/1829/Hyundai-Kona-Electric-48-kWh,3012000.0
Hyundai,Kona Electric 65 kWh,170,65.4,Lithium-ion,216.0,255.0,144,390,7.8,86.0,CCS,750.0,466,5,FWD,JB - Compact,4355,1825,1575,SUV,https://ev-database.org/car/1830/Hyundai-Kona-Electric-65-kWh,3265000.0
Jaguar,I-Pace EV400,200,84.7,Lithium-ion,432.0,696.0,208,380,4.8,85.0,CCS,750.0,505,5,AWD,JD - Large,4682,2011,1566,SUV,https://ev-database.org/car/1812/Jaguar-I-Pace-EV400,6830000.0
Jeep,Avenger Electric,150,50.8,Lithium-ion,102.0,260.0,132,310,9.0,85.0,CCS,0.0,355,5,FWD,JB - Compact,4084,1776,1528,SUV,https://ev-database.org/car/1816/Jeep-Avenger-Electric,3037000.0
Jeep,Compass Electric 74 kWh,180,74.0,Lithium-ion,216.0,345.0,148,370,8.5,90.0,CCS,1000.0,550,5,FWD,JC - Medium,4552,1928,1675,SUV,https://ev-database.org/car/3181/Jeep-Compass-Electric-74-kWh,3389000.0
KGM,Torres EVX,175,72.0,Lithium-ion,216.0,339.0,156,370,8.1,85.0,CCS,1500.0,839,5,FWD,JC - Medium,4715,1890,1725,SUV,https://ev-database.org/car/2189/KGM-Torres-EVX,3361000.0
Kia,EV3 Long Range,170,78.0,Lithium-ion,216.0,283.0,139,455,7.7,105.0,CCS,1000.0,460,5,FWD,JB - Compact,4300,1850,1560,SUV,https://ev-database.org/car/2212/Kia-EV3-Long-Range,3460000.0
Kia,EV3 Standard Range,170,55.0,Lithium-ion,216.0,283.0,133,325,7.5,80.0,CCS,300.0,460,5,FWD,JB - Compact,4300,1850,1560,SUV,https://ev-database.org/car/2211/Kia-EV3-Standard-Range,3103000.0
Kia,EV4 Hatchback Long Range,170,78.0,Lithium-ion,216.0,283.0,132,475,7.7,105.0,CCS,1000.0,435,5,FWD,C - Medium,4430,1860,1485,Hatchback,https://ev-database.org/car/3124/Kia-EV4-Hatchback-Long-Range,3446000.0
Kia,EV4 Hatchback Standard Range,170,55.0,Lithium-ion,216.0,283.0,134,340,7.4,80.0,CCS,1000.0,435,5,FWD,C - Medium,4430,1860,1485,Hatchback,https://ev-database.org/car/3123/Kia-EV4-Hatchback-Standard-Range,3102000.0
Kia,EV4 Sedan Long Range,170,78.0,Lithium-ion,216.0,283.0,124,495,7.7,105.0,CCS,1000.0,490,5,FWD,C - Medium,4730,1860,1480,Sedan,https://ev-database.org/car/3122/Kia-EV4-Sedan-Long-Range,3497000.0
Kia,EV4 Sedan Standard Range,170,55.0,Lithium-ion,216.0,283.0,128,355,7.4,80.0,CCS,1000.0,490,5,FWD,C - Medium,4730,1860,1480,Sedan,https://ev-database.org/car/3121/Kia-EV4-Sedan-Standard-Range,3169000.0
Kia,EV6 GT,260,80.0,Lithium-ion,384.0,770.0,178,385,3.5,205.0,CCS,1800.0,480,5,AWD,JC - Medium,4695,1890,1545,SUV,https://ev-database.org/car/3079/Kia-EV6-GT,3457000.0
Kia,EV6 Long Range 2WD,185,80.0,Lithium-ion,384.0,350.0,143,455,7.3,205.0,CCS,1800.0,490,5,RWD,JC - Medium,4695,1880,1575,SUV,https://ev-database.org/car/3028/Kia-EV6-Long-Range-2WD,3492000.0
Kia,EV6 Long Range AWD,185,80.0,Lithium-ion,384.0,605.0,154,440,5.2,205.0,CCS,1800.0,490,5,AWD,JC - Medium,4695,1880,1575,SUV,https://ev-database.org/car/3029/Kia-EV6-Long-Range-AWD,3474000.0
Kia,EV6 Standard Range 2WD,185,60.0,Lithium-ion,288.0,350.0,140,345,8.7,150.0,CCS,750.0,490,5,RWD,JC - Medium,4695,1880,1575,SUV,https://ev-database.org/car/3030/Kia-EV6-Standard-Range-2WD,3182000.0
Kia,EV9 76.1 kWh RWD,190,73.0,Lithium-ion,348.0,350.0,165,355,8.5,160.0,CCS,900.0,333,7,RWD,JF - Luxury,5010,1980,1755,SUV,https://ev-database.org/car/1833/Kia-EV9-761-kWh-RWD,3365000.0
Kia,EV9 99.8 kWh AWD,200,96.0,Lithium-ion,456.0,600.0,188,435,6.0,194.0,CCS,2500.0,333,7,AWD,JF - Luxury,5010,1980,1755,SUV,https://ev-database.org/car/1835/Kia-EV9-998-kWh-AWD,3685000.0
Kia,EV9 99.8 kWh AWD GT,220,96.0,Lithium-ion,456.0,740.0,190,420,4.6,194.0,CCS,2500.0,333,7,AWD,JF - Luxury,5015,1980,1755,SUV,https://ev-database.org/car/3196/Kia-EV9-998-kWh-AWD-GT,3691000.0
Kia,EV9 99.8 kWh AWD GT-Line,200,96.0,Lithium-ion,456.0,700.0,190,425,5.3,194.0,CCS,2500.0,333,7,AWD,JF - Luxury,5015,1980,1780,SUV,https://ev-database.org/car/1993/Kia-EV9-998-kWh-AWD-GT-Line,3678000.0
Kia,EV9 99.8 kWh RWD,185,96.0,Lithium-ion,456.0,350.0,171,450,9.4,194.0,CCS,900.0,333,7,RWD,JF - Luxury,5010,1980,1755,SUV,https://ev-database.org/car/1834/Kia-EV9-998-kWh-RWD,3701000.0
Kia,Niro EV,167,64.8,Lithium-ion,96.0,255.0,140,385,7.8,70.0,CCS,750.0,475,5,FWD,JC - Medium,4420,1825,1570,SUV,https://ev-database.org/car/1666/Kia-Niro-EV,3258000.0
Lancia,Ypsilon,150,48.1,Lithium-ion,96.0,260.0,122,310,8.2,80.0,CCS,0.0,309,5,FWD,B - Compact,4080,1760,1440,Hatchback,https://ev-database.org/car/2117/Lancia-Ypsilon,15803000.0
Leapmotor,C10,170,69.9,Lithium-ion,216.0,320.0,166,350,7.5,70.0,CCS,1500.0,435,5,RWD,JD - Large,4739,1900,1680,SUV,https://ev-database.org/car/3040/Leapmotor-C10,2332000.0
Leapmotor,T03,130,36.0,Lithium-ion,216.0,158.0,136,225,12.7,30.0,CCS,1000.0,210,4,FWD,A - Mini,3620,1652,1577,Hatchback,https://ev-database.org/car/3039/Leapmotor-T03,1819000.0
Lexus,RZ 300e,160,64.0,Lithium-ion,96.0,266.0,149,365,8.0,100.0,CCS,750.0,522,5,FWD,JC - Medium,4690,1860,1600,SUV,https://ev-database.org/car/3027/Lexus-RZ-300e,6551000.0
Lexus,RZ 450e,160,64.0,Lithium-ion,96.0,435.0,158,350,5.6,100.0,CCS,750.0,522,5,AWD,JD - Large,4805,1895,1635,SUV,https://ev-database.org/car/1677/Lexus-RZ-450e,6524000.0
Lexus,UX 300e,160,64.0,Lithium-ion,96.0,300.0,145,340,7.5,35.0,CHAdeMO,0.0,316,5,FWD,JC - Medium,4495,1840,1545,SUV,https://ev-database.org/car/1943/Lexus-UX-300e,6530000.0
Lotus,Eletre,250,109.0,Lithium-ion,216.0,710.0,204,495,4.5,259.0,CCS,2250.0,611,5,AWD,JF - Luxury,5103,2019,1630,SUV,https://ev-database.org/car/1767/Lotus-Eletre,16684000.0
Lotus,Eletre R,260,109.0,Lithium-ion,216.0,985.0,266,455,2.9,259.0,CCS,2250.0,611,5,AWD,JF - Luxury,5103,2019,1636,SUV,https://ev-database.org/car/1768/Lotus-Eletre-R,16685000.0
Lotus,Eletre S,250,109.0,Lithium-ion,216.0,710.0,222,480,4.5,259.0,CCS,2250.0,611,5,AWD,JF - Luxury,5103,2019,1630,SUV,https://ev-database.org/car/2066/Lotus-Eletre-S,16677000.0
Lotus,Emeya,250,98.9,Lithium-ion,216.0,710.0,198,520,4.2,240.0,CCS,2250.0,509,5,AWD,F - Luxury,5139,2005,1464,Liftback Sedan,https://ev-database.org/car/2141/Lotus-Emeya,16559000.0
Lotus,Emeya R,256,98.9,Lithium-ion,216.0,985.0,227,465,2.8,240.0,CCS,1225.0,509,5,AWD,F - Luxury,5139,2005,1464,Liftback Sedan,https://ev-database.org/car/2143/Lotus-Emeya-R,16549000.0
Lotus,Emeya S,250,98.9,Lithium-ion,216.0,710.0,198,520,4.2,240.0,CCS,2250.0,509,5,AWD,F - Luxury,5139,2005,1464,Liftback Sedan,https://ev-database.org/car/2142/Lotus-Emeya-S,16554000.0
Lucid,Air Grand Touring,270,112.0,Lithium-ion,6600.0,1200.0,143,665,3.0,184.0,CCS,0.0,456,5,AWD,F - Luxury,4975,1939,1410,Sedan,https://ev-database.org/car/1316/Lucid-Air-Grand-Touring,7273000.0
Lucid,Air Pure RWD,200,92.0,Lithium-ion,5400.0,430.0,130,565,4.7,160.0,CCS,0.0,456,5,RWD,F - Luxury,4975,1939,1410,Sedan,https://ev-database.org/car/2116/Lucid-Air-Pure-RWD,6975000.0
Lucid,Air Touring,250,92.0,Lithium-ion,5400.0,430.0,142,580,3.2,160.0,CCS,0.0,456,5,AWD,F - Luxury,4975,1939,1410,Sedan,https://ev-database.org/car/1317/Lucid-Air-Touring,6966000.0
Lynk&Co,02,180,65.0,Lithium-ion,216.0,343.0,149,370,5.5,90.0,CCS,1600.0,410,5,RWD,JC - Medium,4460,1845,1573,SUV,https://ev-database.org/car/3045/LynkCo-02,16047000.0
MG,Cyberster GT,200,74.4,Lithium-ion,216.0,725.0,168,395,3.2,85.0,CCS,1000.0,249,2,AWD,G - Sports,4535,1913,1329,Cabriolet,https://ev-database.org/car/2203/MG-Cyberster-GT,2404000.0
MG,Cyberster Trophy,195,74.4,Lithium-ion,216.0,475.0,146,425,5.0,85.0,CCS,1000.0,249,2,RWD,G - Sports,4535,1913,1329,Cabriolet,https://ev-database.org/car/2202/MG-Cyberster-Trophy,2399000.0
MG,4 Electric 51 kWh,160,50.8,Lithium-ion,104.0,250.0,145,300,7.7,68.0,CCS,500.0,363,5,RWD,C - Medium,4287,1836,1504,Hatchback,https://ev-database.org/car/1707/MG-MG4-Electric-51-kWh,2055000.0
MG,4 Electric 64 kWh,160,61.7,Lithium-ion,104.0,250.0,142,360,7.9,116.0,CCS,500.0,363,5,RWD,C - Medium,4287,1836,1504,Hatchback,https://ev-database.org/car/1708/MG-MG4-Electric-64-kWh,2217000.0
MG,4 Electric 77 kWh,180,74.4,Lithium-ion,216.0,350.0,143,425,6.5,110.0,CCS,500.0,363,5,RWD,C - Medium,4287,1836,1516,Hatchback,https://ev-database.org/car/1973/MG-MG4-Electric-77-kWh,2405000.0
MG,4 Electric XPOWER,200,61.7,Lithium-ion,104.0,600.0,160,320,3.8,116.0,CCS,500.0,363,5,AWD,C - Medium,4287,1836,1516,Hatchback,https://ev-database.org/car/1944/MG-MG4-Electric-XPOWER,2193000.0
MG,5 Electric Long Range,185,57.4,Lithium-ion,216.0,280.0,151,335,7.7,60.0,CCS,500.0,479,5,FWD,C - Medium,4600,1818,1543,Station/Estate,https://ev-database.org/car/1474/MG-MG5-Electric-Long-Range,2140000.0
MG,5 Electric Standard Range,185,46.0,Lithium-ion,216.0,280.0,148,265,7.7,53.0,CCS,500.0,479,5,FWD,C - Medium,4600,1818,1543,Station/Estate,https://ev-database.org/car/1646/MG-MG5-Electric-Standard-Range,1980000.0
MG,S5  EV 49 kWh,170,47.1,Lithium-ion,216.0,250.0,139,275,8.0,80.0,CCS,750.0,453,5,RWD,JC - Medium,4476,1849,1621,SUV,https://ev-database.org/car/3146/MG-MGS5--EV-49-kWh,1996000.0
MG,S5  EV 64 kWh,190,62.1,Lithium-ion,216.0,350.0,134,365,6.3,90.0,CCS,750.0,453,5,RWD,JC - Medium,4476,1849,1621,SUV,https://ev-database.org/car/3147/MG-MGS5--EV-64-kWh,2228000.0
MG,ZS EV Long Range,175,68.3,Lithium-ion,216.0,280.0,155,370,8.4,82.0,CCS,500.0,448,5,FWD,JB - Compact,4323,1809,1649,SUV,https://ev-database.org/car/1541/MG-ZS-EV-Long-Range,2300000.0
MG,ZS EV Standard Range,175,49.0,Lithium-ion,216.0,280.0,153,265,8.6,50.0,CCS,500.0,448,5,FWD,JB - Compact,4323,1809,1649,SUV,https://ev-database.org/car/1540/MG-ZS-EV-Standard-Range,2026000.0
Maserati,GranCabrio Folgore,290,83.0,Lithium-ion,216.0,1350.0,198,395,2.8,190.0,CCS,1000.0,151,4,AWD,F - Luxury,4966,1957,1365,Cabriolet,https://ev-database.org/car/2187/Maserati-GranCabrio-Folgore,16292000.0
Maserati,GranTurismo Folgore,325,83.0,Lithium-ion,216.0,1350.0,182,420,2.7,217.0,CCS,1000.0,270,4,AWD,F - Luxury,4959,1957,1353,Coupe,https://ev-database.org/car/1803/Maserati-GranTurismo-Folgore,16313000.0
Maserati,Grecale Folgore,220,95.0,Lithium-ion,216.0,820.0,220,400,4.1,110.0,CCS,1800.0,535,5,AWD,JE - Executive,4865,1948,1651,SUV,https://ev-database.org/car/1843/Maserati-Grecale-Folgore,16482000.0
Maxus,MIFA 9,180,84.0,Lithium-ion,216.0,350.0,195,365,9.2,103.0,CCS,1000.0,31 Banana Boxes,7,FWD,N - Passenger Van,5270,2000,1840,Small Passenger Van,https://ev-database.org/car/1837/Maxus-MIFA-9,3521000.0
Mazda,6e 68.8 kWh,175,66.0,Lithium-ion,216.0,320.0,138,390,7.6,120.0,CCS,1500.0,456,5,RWD,D - Large,4921,1890,1491,Liftback Sedan,https://ev-database.org/car/3107/Mazda-6e-688-kWh,3277000.0
Mazda,6e Long Range 80 kWh,175,75.0,Lithium-ion,216.0,320.0,136,440,7.8,70.0,CCS,1500.0,456,5,RWD,D - Large,4921,1890,1491,Liftback Sedan,https://ev-database.org/car/3108/Mazda-6e-Long-Range-80-kWh,3423000.0
Mercedes-Benz,CLA 250+,210,85.0,Lithium-ion,216.0,335.0,122,565,6.7,235.0,CCS,1500.0,405,5,RWD,D - Large,4723,1855,1468,Sedan,https://ev-database.org/car/3139/Mercedes-Benz-CLA-250plus,6873000.0
Mercedes-Benz,CLA 350 4MATIC,210,85.0,Lithium-ion,216.0,515.0,126,550,4.9,235.0,CCS,1800.0,405,5,AWD,D - Large,4723,1855,1468,Sedan,https://ev-database.org/car/3140/Mercedes-Benz-CLA-350-4MATIC,6872000.0
Mercedes-Benz,EQA 250,160,66.5,Lithium-ion,300.0,385.0,146,395,8.6,100.0,CCS,1500.0,340,5,FWD,JC - Medium,4463,1834,1620,SUV,https://ev-database.org/car/1984/Mercedes-Benz-EQA-250,6595000.0
Mercedes-Benz,EQA 250+,160,70.5,Lithium-ion,216.0,385.0,142,420,8.6,90.0,CCS,1500.0,340,5,FWD,JC - Medium,4463,1834,1620,SUV,https://ev-database.org/car/1985/Mercedes-Benz-EQA-250plus,6642000.0
Mercedes-Benz,EQA 300 4MATIC,160,66.5,Lithium-ion,300.0,390.0,162,350,7.7,100.0,CCS,1800.0,340,5,AWD,JC - Medium,4463,1834,1620,SUV,https://ev-database.org/car/1986/Mercedes-Benz-EQA-300-4MATIC,6559000.0
Mercedes-Benz,EQA 350 4MATIC,160,66.5,Lithium-ion,300.0,520.0,162,350,6.0,100.0,CCS,1800.0,340,5,AWD,JC - Medium,4463,1834,1620,SUV,https://ev-database.org/car/1987/Mercedes-Benz-EQA-350-4MATIC,6560000.0
Mercedes-Benz,EQB 250+,160,70.5,Lithium-ion,216.0,385.0,152,415,8.9,90.0,CCS,1400.0,495,7,FWD,JC - Medium,4684,1834,1667,SUV,https://ev-database.org/car/1988/Mercedes-Benz-EQB-250plus,6628000.0
Mercedes-Benz,EQB 300 4MATIC,160,66.5,Lithium-ion,300.0,390.0,168,345,8.0,100.0,CCS,1700.0,495,7,AWD,JC - Medium,4684,1834,1667,SUV,https://ev-database.org/car/1989/Mercedes-Benz-EQB-300-4MATIC,6585000.0
Mercedes-Benz,EQB 350 4MATIC,160,66.5,Lithium-ion,300.0,520.0,168,345,6.2,100.0,CCS,1700.0,495,7,AWD,JC - Medium,4684,1834,1667,SUV,https://ev-database.org/car/1990/Mercedes-Benz-EQB-350-4MATIC,6567000.0
Mercedes-Benz,EQE 300,210,89.0,Lithium-ion,216.0,550.0,163,525,7.3,120.0,CCS,750.0,430,5,RWD,E - Executive,4946,1906,1503,Sedan,https://ev-database.org/car/2204/Mercedes-Benz-EQE-300,6925000.0
Mercedes-Benz,EQE 350 4MATIC,210,90.6,Lithium-ion,360.0,765.0,173,515,6.3,141.0,CCS,1700.0,430,5,AWD,E - Executive,4946,1906,1503,Sedan,https://ev-database.org/car/2206/Mercedes-Benz-EQE-350-4MATIC,6922000.0
Mercedes-Benz,EQE 350+,210,96.0,Lithium-ion,216.0,565.0,164,555,6.5,141.0,CCS,750.0,430,5,RWD,E - Executive,4946,1906,1510,Sedan,https://ev-database.org/car/2205/Mercedes-Benz-EQE-350plus,7031000.0
Mercedes-Benz,EQE 500 4MATIC,210,90.6,Lithium-ion,360.0,858.0,173,505,4.7,141.0,CCS,1700.0,430,5,AWD,E - Executive,4946,1906,1503,Sedan,https://ev-database.org/car/2207/Mercedes-Benz-EQE-500-4MATIC,6944000.0
Mercedes-Benz,EQE AMG 43 4MATIC,210,90.6,Lithium-ion,360.0,858.0,207,450,4.2,141.0,CCS,1700.0,430,5,AWD,E - Executive,4964,1906,1495,Sedan,https://ev-database.org/car/2208/Mercedes-Benz-EQE-AMG-43-4MATIC,6910000.0
Mercedes-Benz,EQE AMG 53 4MATIC+,220,90.6,Lithium-ion,360.0,950.0,208,450,3.5,141.0,CCS,1700.0,430,5,AWD,E - Executive,4964,1906,1495,Sedan,https://ev-database.org/car/2209/Mercedes-Benz-EQE-AMG-53-4MATICplus,6915000.0
Mercedes-Benz,EQE SUV 300,210,90.6,Lithium-ion,216.0,550.0,182,450,7.6,141.0,CCS,750.0,520,5,RWD,JE - Executive,4863,1940,1685,SUV,https://ev-database.org/car/2045/Mercedes-Benz-EQE-SUV-300,7071000.0
Mercedes-Benz,EQE SUV 350 4MATIC,210,90.6,Lithium-ion,216.0,765.0,189,435,6.6,141.0,CCS,1800.0,520,5,AWD,JE - Executive,4863,1940,1685,SUV,https://ev-database.org/car/2047/Mercedes-Benz-EQE-SUV-350-4MATIC,7075000.0
Mercedes-Benz,EQE SUV 350+,210,96.0,Lithium-ion,216.0,565.0,164,475,6.9,141.0,CCS,750.0,520,5,RWD,JE - Executive,4863,1940,1685,SUV,https://ev-database.org/car/2046/Mercedes-Benz-EQE-SUV-350plus,7154000.0
Mercedes-Benz,EQE SUV 500 4MATIC,210,96.0,Lithium-ion,216.0,858.0,187,455,4.9,141.0,CCS,1800.0,520,5,AWD,JE - Executive,4863,1940,1685,SUV,https://ev-database.org/car/2048/Mercedes-Benz-EQE-SUV-500-4MATIC,7138000.0
Mercedes-Benz,EQE SUV AMG 43 4MATIC,210,90.6,Lithium-ion,360.0,858.0,214,425,4.3,141.0,CCS,1800.0,520,5,AWD,JE - Executive,4879,1940,1672,SUV,https://ev-database.org/car/1763/Mercedes-Benz-EQE-SUV-AMG-43-4MATIC,7056000.0
Mercedes-Benz,EQE SUV AMG 53 4MATIC+,240,90.6,Lithium-ion,360.0,1000.0,242,420,3.5,141.0,CCS,1800.0,520,5,AWD,JE - Executive,4879,1940,1672,SUV,https://ev-database.org/car/1764/Mercedes-Benz-EQE-SUV-AMG-53-4MATICplus,7052000.0
Mercedes-Benz,EQS 350,210,96.0,Lithium-ion,360.0,565.0,165,570,6.7,130.0,CCS,750.0,620,5,RWD,F - Luxury,5223,1926,1512,Sedan,https://ev-database.org/car/2155/Mercedes-Benz-EQS-350,7033000.0
Mercedes-Benz,EQS 450 4MATIC,210,118.0,Lithium-ion,216.0,800.0,180,655,5.7,160.0,CCS,1700.0,620,5,AWD,F - Luxury,5223,1926,1518,Sedan,https://ev-database.org/car/2194/Mercedes-Benz-EQS-450-4MATIC,7334000.0
Mercedes-Benz,EQS 450+,210,118.0,Lithium-ion,216.0,568.0,173,685,6.2,160.0,CCS,750.0,620,5,RWD,F - Luxury,5223,1926,1518,Sedan,https://ev-database.org/car/2193/Mercedes-Benz-EQS-450plus,7352000.0
Mercedes-Benz,EQS 500 4MATIC,210,118.0,Lithium-ion,216.0,828.0,180,640,4.9,160.0,CCS,1700.0,620,5,AWD,F - Luxury,5223,1926,1518,Sedan,https://ev-database.org/car/2195/Mercedes-Benz-EQS-500-4MATIC,7341000.0
Mercedes-Benz,EQS 580 4MATIC,210,118.0,Lithium-ion,216.0,858.0,180,640,4.4,160.0,CCS,1700.0,620,5,AWD,F - Luxury,5223,1926,1518,Sedan,https://ev-database.org/car/2196/Mercedes-Benz-EQS-580-4MATIC,7338000.0
Mercedes-Benz,EQS AMG 53 4MATIC+,250,118.0,Lithium-ion,216.0,1020.0,222,585,3.4,160.0,CCS,1700.0,620,5,AWD,F - Luxury,5223,1926,1518,Sedan,https://ev-database.org/car/2197/Mercedes-Benz-EQS-AMG-53-4MATICplus,7326000.0
Mercedes-Benz,EQS SUV 450 4MATIC,210,118.0,Lithium-ion,216.0,800.0,199,530,6.1,160.0,CCS,1800.0,645,7,AWD,JF - Luxury,5125,1959,1718,SUV,https://ev-database.org/car/2088/Mercedes-Benz-EQS-SUV-450-4MATIC,7455000.0
Mercedes-Benz,EQS SUV 450+,210,118.0,Lithium-ion,216.0,568.0,195,540,6.8,160.0,CCS,750.0,645,7,RWD,JF - Luxury,5125,1959,1718,SUV,https://ev-database.org/car/2087/Mercedes-Benz-EQS-SUV-450plus,7455000.0
Mercedes-Benz,EQS SUV 500 4MATIC,210,118.0,Lithium-ion,216.0,828.0,199,530,5.3,160.0,CCS,1800.0,645,7,AWD,JF - Luxury,5125,1959,1718,SUV,https://ev-database.org/car/2089/Mercedes-Benz-EQS-SUV-500-4MATIC,7466000.0
Mercedes-Benz,EQS SUV 580 4MATIC,210,118.0,Lithium-ion,216.0,858.0,199,530,4.7,160.0,CCS,1800.0,13 Banana Boxes,7,AWD,JF - Luxury,5125,1959,1718,SUV,https://ev-database.org/car/2090/Mercedes-Benz-EQS-SUV-580-4MATIC,7451000.0
Mercedes-Benz,EQS SUV Maybach 680,210,118.0,Lithium-ion,216.0,950.0,211,490,4.4,160.0,CCS,1800.0,440,4,AWD,JF - Luxury,5125,1959,1725,SUV,https://ev-database.org/car/2086/Mercedes-Benz-EQS-SUV-Maybach-680,7459000.0
Mercedes-Benz,EQT 200 Long,132,45.0,Lithium-ion,216.0,245.0,177,220,13.3,50.0,CCS,1500.0,828,7,FWD,N - Passenger Van,4922,1859,1811,Small Passenger Van,https://ev-database.org/car/2239/Mercedes-Benz-EQT-200-Long,6267000.0
Mercedes-Benz,EQT 200 Standard,132,45.0,Lithium-ion,216.0,245.0,167,225,12.6,50.0,CCS,1500.0,551,5,FWD,N - Passenger Van,4498,1859,1819,Small Passenger Van,https://ev-database.org/car/1908/Mercedes-Benz-EQT-200-Standard,6239000.0
Mercedes-Benz,EQV 250 Extra-Long,160,60.0,Lithium-ion,192.0,365.0,282,210,12.0,60.0,CCS,0.0,1410,7,FWD,N - Passenger Van,5370,1928,1911,Small Passenger Van,https://ev-database.org/car/2130/Mercedes-Benz-EQV-250-Extra-Long,6463000.0
Mercedes-Benz,EQV 250 Long,160,60.0,Lithium-ion,192.0,365.0,282,215,12.0,60.0,CCS,0.0,1030,7,FWD,N - Passenger Van,5140,1928,1910,Small Passenger Van,https://ev-database.org/car/2129/Mercedes-Benz-EQV-250-Long,6449000.0
Mercedes-Benz,EQV 300 Extra-Long,140,90.0,Lithium-ion,288.0,365.0,249,315,12.2,96.0,CCS,0.0,1410,7,FWD,N - Passenger Van,5370,1928,1901,Small Passenger Van,https://ev-database.org/car/2274/Mercedes-Benz-EQV-300-Extra-Long,6880000.0
Mercedes-Benz,EQV 300 Long,160,90.0,Lithium-ion,288.0,365.0,276,320,12.1,96.0,CCS,0.0,1030,7,FWD,N - Passenger Van,5140,1928,1901,Small Passenger Van,https://ev-database.org/car/2131/Mercedes-Benz-EQV-300-Long,6872000.0
Mercedes-Benz,G 580,180,116.0,Lithium-ion,216.0,1164.0,267,360,4.7,150.0,CCS,0.0,555,5,AWD,JF - Luxury,4624,1931,1986,SUV,https://ev-database.org/car/2192/Mercedes-Benz-G-580,7253000.0
Mercedes-Benz,eVito Tourer Extra-Long 60 kWh,160,60.0,Lithium-ion,192.0,360.0,254,215,12.0,60.0,CCS,0.0,1390,8,FWD,N - Passenger Van,5370,1928,1890,Small Passenger Van,https://ev-database.org/car/2139/Mercedes-Benz-eVito-Tourer-Extra-Long-60-kWh,6452000.0
Mercedes-Benz,eVito Tourer Long 60 kWh,160,60.0,Lithium-ion,192.0,360.0,259,220,12.0,60.0,CCS,0.0,990,8,FWD,N - Passenger Van,5140,1928,1890,Small Passenger Van,https://ev-database.org/car/2138/Mercedes-Benz-eVito-Tourer-Long-60-kWh,6455000.0
Mercedes-Benz,eVito Tourer Long 90 kWh,160,90.0,Lithium-ion,288.0,360.0,260,325,12.1,96.0,CCS,0.0,990,8,FWD,N - Passenger Van,5140,1928,1890,Small Passenger Van,https://ev-database.org/car/2140/Mercedes-Benz-eVito-Tourer-Long-90-kWh,6889000.0
Mini,Aceman E,160,38.5,Lithium-ion,216.0,290.0,129,230,7.9,60.0,CCS,750.0,300,5,FWD,JB - Compact,4079,1754,1514,SUV,https://ev-database.org/car/2190/Mini-Aceman-E,15671000.0
Mini,Aceman JCW,200,49.2,Lithium-ion,216.0,350.0,143,280,6.4,75.0,CCS,750.0,300,5,FWD,JB - Compact,4079,1754,1514,SUV,https://ev-database.org/car/3059/Mini-Aceman-JCW,15821000.0
Mini,Aceman SE,170,49.2,Lithium-ion,216.0,330.0,129,290,7.1,75.0,CCS,750.0,300,5,FWD,JB - Compact,4079,1754,1514,SUV,https://ev-database.org/car/2191/Mini-Aceman-SE,15819000.0
Mini,Cooper E,160,36.6,Lithium-ion,216.0,290.0,125,250,7.3,60.0,CCS,0.0,200,4,FWD,B - Compact,3858,1756,1460,Hatchback,https://ev-database.org/car/1997/Mini-Cooper-E,15658000.0
Mini,Cooper JCW,200,49.2,Lithium-ion,216.0,350.0,135,290,5.9,75.0,CCS,0.0,200,4,FWD,B - Compact,3858,1756,1460,Hatchback,https://ev-database.org/car/3058/Mini-Cooper-JCW,15827000.0
Mini,Cooper SE,170,49.2,Lithium-ion,216.0,330.0,127,330,6.7,75.0,CCS,0.0,200,4,FWD,B - Compact,3858,1756,1460,Hatchback,https://ev-database.org/car/1998/Mini-Cooper-SE,15828000.0
Mini,Countryman E,170,64.6,Lithium-ion,216.0,250.0,140,380,8.6,94.0,CCS,750.0,460,5,FWD,JC - Medium,4433,1843,1656,SUV,https://ev-database.org/car/1994/Mini-Countryman-E,16057000.0
Mini,Countryman SE ALL4,180,64.6,Lithium-ion,216.0,494.0,149,365,5.6,94.0,CCS,1200.0,460,5,AWD,JC - Medium,4433,1843,1656,SUV,https://ev-database.org/car/1995/Mini-Countryman-SE-ALL4,16039000.0
NIO,EL6 Long Range,200,90.0,Lithium-ion,96.0,700.0,170,435,4.5,135.0,CCS,1200.0,579,5,AWD,JE - Executive,4854,1995,1703,SUV,https://ev-database.org/car/1922/NIO-EL6-Long-Range,16400000.0
NIO,EL6 Standard Range,200,73.5,Lithium-ion,118.0,700.0,181,365,4.5,110.0,CCS,1200.0,579,5,AWD,JE - Executive,4854,1995,1703,SUV,https://ev-database.org/car/1921/NIO-EL6-Standard-Range,16172000.0
NIO,EL7 Long Range,200,90.0,Lithium-ion,96.0,850.0,185,430,3.9,100.0,CCS,2000.0,570,5,AWD,JF - Luxury,4912,1987,1720,SUV,https://ev-database.org/car/1789/NIO-EL7-Long-Range,16415000.0
NIO,EL7 Standard Range,200,73.5,Lithium-ion,118.0,850.0,198,355,3.9,110.0,CCS,2000.0,570,5,AWD,JF - Luxury,4912,1987,1720,SUV,https://ev-database.org/car/1788/NIO-EL7-Standard-Range,16170000.0
NIO,EL8 Long Range,200,90.0,Lithium-ion,96.0,850.0,185,440,4.1,190.0,CCS,2000.0,265,6,AWD,JF - Luxury,5099,1989,1750,SUV,https://ev-database.org/car/2223/NIO-EL8-Long-Range,16405000.0
NIO,EL8 Standard Range,200,73.5,Lithium-ion,118.0,850.0,196,360,4.1,110.0,CCS,2000.0,265,6,AWD,JF - Luxury,5099,1989,1750,SUV,https://ev-database.org/car/2222/NIO-EL8-Standard-Range,16169000.0
NIO,ET5 Long Range,200,90.0,Lithium-ion,96.0,700.0,167,500,4.0,100.0,CCS,1400.0,386,5,AWD,E - Executive,4790,1960,1499,Sedan,https://ev-database.org/car/1787/NIO-ET5-Long-Range,16428000.0
NIO,ET5 Standard Range,200,73.5,Lithium-ion,118.0,700.0,175,410,4.0,110.0,CCS,1400.0,386,5,AWD,E - Executive,4790,1960,1499,Sedan,https://ev-database.org/car/1786/NIO-ET5-Standard-Range,16170000.0
NIO,ET5 Touring Long Range,200,90.0,Lithium-ion,96.0,700.0,178,485,4.0,135.0,CCS,1400.0,450,5,AWD,E - Executive,4790,1960,1499,Station/Estate,https://ev-database.org/car/1916/NIO-ET5-Touring-Long-Range,16407000.0
NIO,ET5 Touring Standard Range,200,73.5,Lithium-ion,118.0,700.0,169,400,4.0,110.0,CCS,1400.0,450,5,AWD,E - Executive,4790,1960,1499,Station/Estate,https://ev-database.org/car/1915/NIO-ET5-Touring-Standard-Range,16168000.0
NIO,ET7 Long Range,200,90.0,Lithium-ion,96.0,850.0,178,505,3.8,100.0,CCS,2000.0,363,5,AWD,F - Luxury,5101,1987,1509,Sedan,https://ev-database.org/car/1752/NIO-ET7-Long-Range,16418000.0
NIO,ET7 Standard Range,200,73.5,Lithium-ion,118.0,850.0,191,415,3.8,110.0,CCS,2000.0,363,5,AWD,F - Luxury,5101,1987,1509,Sedan,https://ev-database.org/car/1751/NIO-ET7-Standard-Range,16188000.0
Nissan,Ariya 63kWh,160,63.0,Lithium-ion,216.0,300.0,175,335,7.5,90.0,CCS,750.0,468,5,FWD,JC - Medium,4595,1850,1660,SUV,https://ev-database.org/car/1301/Nissan-Ariya-63kWh,2212000.0
Nissan,Ariya 87kWh,160,87.0,Lithium-ion,216.0,300.0,169,450,7.6,110.0,CCS,750.0,468,5,FWD,JC - Medium,4595,1850,1660,SUV,https://ev-database.org/car/1302/Nissan-Ariya-87kWh,2578000.0
Nissan,Ariya e-4ORCE 87kWh - 225 kW,200,87.0,Lithium-ion,216.0,600.0,190,405,5.7,110.0,CCS,1500.0,415,5,AWD,JC - Medium,4595,1850,1660,SUV,https://ev-database.org/car/1304/Nissan-Ariya-e-4ORCE-87kWh---225-kW,2564000.0
Nissan,Ariya e-4ORCE 87kWh - 320 kW Nismo,200,87.0,Lithium-ion,216.0,600.0,209,385,5.0,110.0,CCS,1000.0,415,5,AWD,JC - Medium,4655,1850,1660,SUV,https://ev-database.org/car/3074/Nissan-Ariya-e-4ORCE-87kWh---320-kW-Nismo,2571000.0
Nissan,Townstar EV Passenger,132,45.0,Lithium-ion,216.0,245.0,158,225,12.6,50.0,CCS,1500.0,819,5,FWD,N - Passenger Van,4488,1860,1838,Small Passenger Van,https://ev-database.org/car/2042/Nissan-Townstar-EV-Passenger,1940000.0
Nissan,Townstar EV Passenger L2,130,45.0,Lithium-ion,216.0,245.0,173,220,13.3,50.0,CCS,1500.0,819,7,FWD,N - Passenger Van,4911,1860,1815,Small Passenger Van,https://ev-database.org/car/3084/Nissan-Townstar-EV-Passenger-L2,1942000.0
Omoda,E5,172,61.0,Lithium-ion,216.0,340.0,152,345,7.6,60.0,CCS,1000.0,380,5,FWD,JC - Medium,4424,1830,1588,SUV,https://ev-database.org/car/3046/Omoda-E5,2211000.0
Opel,Astra Electric,170,50.8,Lithium-ion,102.0,270.0,128,320,9.2,85.0,CCS,0.0,352,5,FWD,C - Medium,4374,1860,1470,Hatchback,https://ev-database.org/car/1792/Opel-Astra-Electric,2061000.0
Opel,Astra Sports Tourer Electric,170,50.8,Lithium-ion,102.0,270.0,123,310,9.3,85.0,CCS,0.0,516,5,FWD,C - Medium,4642,1860,1480,Station/Estate,https://ev-database.org/car/1793/Opel-Astra-Sports-Tourer-Electric,2040000.0
Opel,Combo-e Life 50 kWh,135,50.0,Lithium-ion,216.0,260.0,149,235,11.3,80.0,CCS,750.0,775,5,FWD,N - Passenger Van,4410,1921,1812,Small Passenger Van,https://ev-database.org/car/2161/Opel-Combo-e-Life-50-kWh,2021000.0
Opel,Combo-e Life XL 50 kWh,135,50.0,Lithium-ion,216.0,260.0,149,230,11.3,80.0,CCS,750.0,1050,7,FWD,N - Passenger Van,4760,1921,1818,Small Passenger Van,https://ev-database.org/car/2162/Opel-Combo-e-Life-XL-50-kWh,2026000.0
Opel,Corsa Electric 50 kWh,150,46.3,Lithium-ion,216.0,260.0,131,290,8.7,78.0,CCS,0.0,267,5,FWD,B - Compact,4061,1765,1435,Hatchback,https://ev-database.org/car/1941/Opel-Corsa-Electric-50-kWh,1992000.0
Opel,Corsa Electric 51 kWh,150,48.1,Lithium-ion,96.0,260.0,120,315,8.1,80.0,CCS,0.0,267,5,FWD,B - Compact,4061,1765,1435,Hatchback,https://ev-database.org/car/1942/Opel-Corsa-Electric-51-kWh,2027000.0
Opel,Frontera 44 kWh,140,44.0,Lithium-ion,216.0,120.0,144,245,12.1,60.0,CCS,350.0,460,5,FWD,JB - Compact,4385,1795,1635,SUV,https://ev-database.org/car/2238/Opel-Frontera-44-kWh,1943000.0
Opel,Grandland 73 kWh,170,73.0,Lithium-ion,96.0,260.0,145,365,9.0,90.0,CCS,1200.0,550,5,FWD,JC - Medium,4650,1934,1665,SUV,https://ev-database.org/car/3037/Opel-Grandland-73-kWh,2368000.0
Opel,Grandland 82 kWh,170,82.2,Lithium-ion,216.0,260.0,146,410,9.0,100.0,CCS,1200.0,550,5,FWD,JC - Medium,4650,1934,1665,SUV,https://ev-database.org/car/3038/Opel-Grandland-82-kWh,2496000.0
Opel,Mokka Electric,150,50.8,Lithium-ion,102.0,260.0,126,285,9.0,85.0,CCS,0.0,310,5,FWD,JB - Compact,4151,1790,1534,SUV,https://ev-database.org/car/3051/Opel-Mokka-Electric,2036000.0
Opel,Zafira-e Life L2 50 kWh,130,46.3,Lithium-ion,216.0,270.0,217,180,13.3,78.0,CCS,1000.0,603,9,FWD,N - Passenger Van,4983,1920,1890,Small Passenger Van,https://ev-database.org/car/2260/Opel-Zafira-e-Life-L2-50-kWh,1955000.0
Opel,Zafira-e Life L2 75 kWh,130,68.0,Lithium-ion,324.0,270.0,202,260,14.2,79.0,CCS,1000.0,603,9,FWD,N - Passenger Van,4983,1920,1890,Small Passenger Van,https://ev-database.org/car/2262/Opel-Zafira-e-Life-L2-75-kWh,2265000.0
Opel,Zafira-e Life L3 50 kWh,130,46.3,Lithium-ion,216.0,270.0,219,180,13.3,78.0,CCS,1000.0,989,9,FWD,N - Passenger Van,5333,1920,1890,Small Passenger Van,https://ev-database.org/car/2261/Opel-Zafira-e-Life-L3-50-kWh,1955000.0
Opel,Zafira-e Life L3 75 kWh,130,68.0,Lithium-ion,324.0,260.0,204,260,14.2,79.0,CCS,1000.0,989,9,FWD,N - Passenger Van,5333,1920,1890,Small Passenger Van,https://ev-database.org/car/2263/Opel-Zafira-e-Life-L3-75-kWh,2278000.0
Peugeot,e-2008 50 kWh,150,46.3,Lithium-ion,216.0,260.0,136,270,9.9,78.0,CCS,0.0,434,5,FWD,JB - Compact,4304,1775,1523,SUV,https://ev-database.org/car/1946/Peugeot-e-2008-50-kWh,1980000.0
Peugeot,e-2008 54 kWh,150,50.8,Lithium-ion,102.0,260.0,125,300,9.1,85.0,CCS,0.0,434,5,FWD,JB - Compact,4304,1775,1523,SUV,https://ev-database.org/car/1947/Peugeot-e-2008-54-kWh,2036000.0
Peugeot,e-208 50 kWh,150,46.3,Lithium-ion,216.0,260.0,132,290,9.0,78.0,CCS,0.0,265,5,FWD,B - Compact,4055,1765,1430,Hatchback,https://ev-database.org/car/1948/Peugeot-e-208-50-kWh,1985000.0
Peugeot,e-208 51 kWh,150,48.1,Lithium-ion,96.0,260.0,120,310,8.2,80.0,CCS,0.0,265,5,FWD,B - Compact,4055,1765,1430,Hatchback,https://ev-database.org/car/1949/Peugeot-e-208-51-kWh,2024000.0
Peugeot,e-3008 73 kWh,170,73.0,Lithium-ion,96.0,345.0,143,380,8.8,90.0,CCS,1250.0,588,5,FWD,JC - Medium,4542,1895,1641,SUV,https://ev-database.org/car/2003/Peugeot-e-3008-73-kWh,2356000.0
Peugeot,e-3008 73 kWh Dual Motor,170,73.0,Lithium-ion,96.0,511.0,195,375,6.4,90.0,CCS,1000.0,588,5,AWD,JC - Medium,4542,1895,1641,SUV,https://ev-database.org/car/2004/Peugeot-e-3008-73-kWh-Dual-Motor,2363000.0
Peugeot,e-3008 97 kWh Long Range,170,96.9,Lithium-ion,216.0,345.0,145,500,8.7,135.0,CCS,1200.0,588,5,FWD,JC - Medium,4542,1895,1641,SUV,https://ev-database.org/car/2005/Peugeot-e-3008-97-kWh-Long-Range,2714000.0
Peugeot,e-308,170,50.8,Lithium-ion,102.0,260.0,124,300,9.8,80.0,CCS,0.0,412,5,FWD,C - Medium,4367,1852,1441,Hatchback,https://ev-database.org/car/1744/Peugeot-e-308,2052000.0
Peugeot,e-308 SW,150,50.8,Lithium-ion,102.0,260.0,127,300,10.0,80.0,CCS,1000.0,608,5,FWD,C - Medium,4636,1852,1442,Station/Estate,https://ev-database.org/car/1745/Peugeot-e-308-SW,2045000.0
Peugeot,e-408 58 kWh,160,58.3,Lithium-ion,216.0,345.0,129,375,7.2,70.0,CCS,1000.0,471,5,FWD,JD - Large,4687,1859,1478,SUV,https://ev-database.org/car/3066/Peugeot-e-408-58-kWh,2172000.0
Peugeot,e-5008 73 kWh,170,73.0,Lithium-ion,96.0,345.0,150,370,9.7,90.0,CCS,1000.0,348,7,FWD,JD - Large,4791,1895,1694,SUV,https://ev-database.org/car/2149/Peugeot-e-5008-73-kWh,2376000.0
Peugeot,e-5008 73 kWh Dual Motor,170,73.0,Lithium-ion,96.0,511.0,203,360,7.0,90.0,CCS,1000.0,348,7,AWD,JD - Large,4791,1895,1694,SUV,https://ev-database.org/car/2150/Peugeot-e-5008-73-kWh-Dual-Motor,2353000.0
Peugeot,e-5008 97 kWh Long Range,170,96.9,Lithium-ion,216.0,345.0,152,485,9.6,135.0,CCS,1000.0,348,7,FWD,JD - Large,4791,1895,1694,SUV,https://ev-database.org/car/2151/Peugeot-e-5008-97-kWh-Long-Range,2704000.0
Peugeot,e-Rifter M 50 kWh,132,50.0,Lithium-ion,216.0,270.0,152,235,11.7,80.0,CCS,750.0,775,5,FWD,N - Passenger Van,4403,1921,1818,Small Passenger Van,https://ev-database.org/car/2163/Peugeot-e-Rifter-M-50-kWh,2014000.0
Peugeot,e-Rifter XL 50 kWh,132,50.0,Lithium-ion,216.0,270.0,153,230,11.7,80.0,CCS,750.0,1050,7,FWD,N - Passenger Van,4755,1921,1837,Small Passenger Van,https://ev-database.org/car/2164/Peugeot-e-Rifter-XL-50-kWh,2030000.0
Peugeot,e-Traveller L2 50 kWh,130,46.3,Lithium-ion,216.0,270.0,217,180,13.3,78.0,CCS,1000.0,603,9,FWD,N - Passenger Van,4983,1920,1890,Small Passenger Van,https://ev-database.org/car/2256/Peugeot-e-Traveller-L2-50-kWh,1964000.0
Peugeot,e-Traveller L2 75 kWh,130,68.0,Lithium-ion,324.0,270.0,202,260,14.2,79.0,CCS,1000.0,603,9,FWD,N - Passenger Van,4983,1920,1890,Small Passenger Van,https://ev-database.org/car/2258/Peugeot-e-Traveller-L2-75-kWh,2261000.0
Peugeot,e-Traveller L3 50 kWh,130,46.3,Lithium-ion,216.0,270.0,219,180,13.3,78.0,CCS,1000.0,989,9,FWD,N - Passenger Van,5333,1920,1890,Small Passenger Van,https://ev-database.org/car/2257/Peugeot-e-Traveller-L3-50-kWh,1946000.0
Peugeot,e-Traveller L3 75 kWh,130,68.0,Lithium-ion,324.0,270.0,204,260,14.2,79.0,CCS,1000.0,989,9,FWD,N - Passenger Van,5333,1920,1890,Small Passenger Van,https://ev-database.org/car/2259/Peugeot-e-Traveller-L3-75-kWh,2284000.0
Polestar,2 Long Range Dual Motor (MY26),205,79.0,Lithium-ion,324.0,740.0,142,455,4.5,125.0,CCS,1500.0,407,5,AWD,D - Large,4606,1859,1479,Liftback Sedan,https://ev-database.org/car/3152/Polestar-2-Long-Range-Dual-Motor,6774000.0
Polestar,2 Long Range Performance (MY26),205,79.0,Lithium-ion,324.0,740.0,142,450,4.2,125.0,CCS,1500.0,407,5,AWD,D - Large,4606,1859,1473,Liftback Sedan,https://ev-database.org/car/3153/Polestar-2-Long-Range-Performance,6764000.0
Polestar,2 Long Range Single Motor (MY26),205,79.0,Lithium-ion,324.0,490.0,130,475,6.2,125.0,CCS,1500.0,407,5,RWD,D - Large,4606,1859,1479,Liftback Sedan,https://ev-database.org/car/3151/Polestar-2-Long-Range-Single-Motor,6777000.0
Polestar,2 Standard Range Single Motor (MY26),205,67.0,Lithium-ion,216.0,490.0,129,405,6.4,110.0,CCS,1500.0,407,5,RWD,D - Large,4606,1859,1479,Liftback Sedan,https://ev-database.org/car/3150/Polestar-2-Standard-Range-Single-Motor,6592000.0
Polestar,3 Long Range Dual motor,210,107.0,Lithium-ion,204.0,840.0,183,515,5.0,150.0,CCS,2200.0,484,5,AWD,JE - Executive,4900,1968,1614,SUV,https://ev-database.org/car/1758/Polestar-3-Long-Range-Dual-motor,7152000.0
Polestar,3 Long Range Performance,210,107.0,Lithium-ion,204.0,910.0,194,495,4.7,150.0,CCS,2200.0,484,5,AWD,JE - Executive,4900,1968,1614,SUV,https://ev-database.org/car/1759/Polestar-3-Long-Range-Performance,7144000.0
Polestar,3 Long Range Single motor,180,107.0,Lithium-ion,204.0,490.0,166,530,7.8,150.0,CCS,1500.0,484,5,RWD,JE - Executive,4900,1968,1614,SUV,https://ev-database.org/car/2229/Polestar-3-Long-Range-Single-motor,7159000.0
Polestar,4 Long Range Dual Motor,200,94.0,Lithium-ion,110.0,686.0,165,485,3.8,135.0,CCS,2000.0,526,5,AWD,E - Executive,4839,2008,1544,Liftback Sedan,https://ev-database.org/car/1842/Polestar-4-Long-Range-Dual-Motor,6961000.0
Polestar,4 Long Range Single Motor,180,94.0,Lithium-ion,110.0,343.0,157,495,7.4,135.0,CCS,1500.0,526,5,RWD,E - Executive,4839,2008,1544,Liftback Sedan,https://ev-database.org/car/1841/Polestar-4-Long-Range-Single-Motor,6966000.0
Porsche,Macan 4 Electric,220,95.0,Lithium-ion,180.0,650.0,184,470,5.2,200.0,CCS,2000.0,540,5,AWD,JD - Large,4784,1938,1622,SUV,https://ev-database.org/car/2084/Porsche-Macan-4-Electric,16491000.0
Porsche,Macan 4S Electric,240,95.0,Lithium-ion,180.0,820.0,186,470,4.1,200.0,CCS,2000.0,540,5,AWD,JD - Large,4784,1938,1622,SUV,https://ev-database.org/car/2244/Porsche-Macan-4S-Electric,16496000.0
Porsche,Macan Electric,220,95.0,Lithium-ion,180.0,563.0,177,495,5.7,200.0,CCS,2000.0,540,5,RWD,JD - Large,4784,1938,1623,SUV,https://ev-database.org/car/2083/Porsche-Macan-Electric,16504000.0
Porsche,Macan Turbo Electric,260,95.0,Lithium-ion,180.0,1001.0,183,460,3.3,200.0,CCS,2000.0,480,5,AWD,JD - Large,4784,1938,1621,SUV,https://ev-database.org/car/2085/Porsche-Macan-Turbo-Electric,16498000.0
Porsche,Taycan,230,82.3,Lithium-ion,216.0,410.0,164,495,4.8,195.0,CCS,0.0,407,5,RWD,F - Luxury,4963,1966,1379,Sedan,https://ev-database.org/car/2098/Porsche-Taycan,16309000.0
Porsche,Taycan 4,230,82.3,Lithium-ion,216.0,585.0,172,490,4.6,195.0,CCS,0.0,407,5,AWD,F - Luxury,4963,1966,1379,Sedan,https://ev-database.org/car/3060/Porsche-Taycan-4,16322000.0
Porsche,Taycan 4 Cross Turismo,220,97.0,Lithium-ion,396.0,610.0,188,510,4.7,281.0,CCS,0.0,446,5,AWD,F - Luxury,4974,1967,1409,Station/Estate,https://ev-database.org/car/2110/Porsche-Taycan-4-Cross-Turismo,16658000.0
Porsche,Taycan 4 Plus,230,97.0,Lithium-ion,396.0,610.0,175,565,4.6,281.0,CCS,0.0,407,5,AWD,F - Luxury,4963,1966,1379,Sedan,https://ev-database.org/car/3061/Porsche-Taycan-4-Plus,16522000.0
Porsche,Taycan 4S,250,82.3,Lithium-ion,216.0,695.0,174,490,3.7,195.0,CCS,0.0,407,5,AWD,F - Luxury,4963,1966,1379,Sedan,https://ev-database.org/car/2100/Porsche-Taycan-4S,16307000.0
Porsche,Taycan 4S Cross Turismo,240,97.0,Lithium-ion,396.0,710.0,188,510,3.8,281.0,CCS,0.0,446,5,AWD,F - Luxury,4974,1967,1409,Station/Estate,https://ev-database.org/car/2111/Porsche-Taycan-4S-Cross-Turismo,16679000.0
Porsche,Taycan 4S Plus,250,97.0,Lithium-ion,396.0,710.0,177,565,3.7,281.0,CCS,0.0,407,5,AWD,F - Luxury,4963,1966,1379,Sedan,https://ev-database.org/car/2101/Porsche-Taycan-4S-Plus,16534000.0
Porsche,Taycan 4S Plus Sport Turismo,250,97.0,Lithium-ion,396.0,710.0,186,510,3.7,281.0,CCS,0.0,446,5,AWD,F - Luxury,4963,1966,1390,Station/Estate,https://ev-database.org/car/2107/Porsche-Taycan-4S-Plus-Sport-Turismo,16536000.0
Porsche,Taycan 4S Sport Turismo,250,82.3,Lithium-ion,216.0,695.0,183,440,3.7,195.0,CCS,0.0,446,5,AWD,F - Luxury,4963,1966,1390,Station/Estate,https://ev-database.org/car/2106/Porsche-Taycan-4S-Sport-Turismo,16294000.0
Porsche,Taycan GTS,250,97.0,Lithium-ion,396.0,790.0,176,535,3.3,281.0,CCS,0.0,366,5,AWD,F - Luxury,4963,1966,1381,Sedan,https://ev-database.org/car/3062/Porsche-Taycan-GTS,16536000.0
Porsche,Taycan GTS Sport Turismo,250,97.0,Lithium-ion,396.0,790.0,185,505,3.3,281.0,CCS,0.0,405,5,AWD,F - Luxury,4963,1966,1392,Station/Estate,https://ev-database.org/car/3063/Porsche-Taycan-GTS-Sport-Turismo,16535000.0
Porsche,Taycan Plus,230,97.0,Lithium-ion,396.0,420.0,168,575,4.8,281.0,CCS,0.0,407,5,RWD,F - Luxury,4963,1966,1379,Sedan,https://ev-database.org/car/2099/Porsche-Taycan-Plus,16545000.0
Porsche,Taycan Plus Sport Turismo,230,97.0,Lithium-ion,396.0,420.0,176,530,4.8,281.0,CCS,0.0,446,5,RWD,F - Luxury,4963,1966,1390,Station/Estate,https://ev-database.org/car/2105/Porsche-Taycan-Plus-Sport-Turismo,16537000.0
Porsche,Taycan Sport Turismo,230,82.3,Lithium-ion,216.0,410.0,173,460,4.8,195.0,CCS,0.0,446,5,RWD,F - Luxury,4963,1966,1390,Station/Estate,https://ev-database.org/car/2104/Porsche-Taycan-Sport-Turismo,16314000.0
Porsche,Taycan Turbo,260,97.0,Lithium-ion,396.0,940.0,174,535,2.7,281.0,CCS,0.0,366,5,AWD,F - Luxury,4963,1966,1379,Sedan,https://ev-database.org/car/2102/Porsche-Taycan-Turbo,16541000.0
Porsche,Taycan Turbo Cross Turismo,250,97.0,Lithium-ion,396.0,940.0,188,495,2.8,281.0,CCS,0.0,405,5,AWD,F - Luxury,4974,1967,1412,Station/Estate,https://ev-database.org/car/2112/Porsche-Taycan-Turbo-Cross-Turismo,16677000.0
Porsche,Taycan Turbo GT,290,97.0,Lithium-ion,396.0,1340.0,184,475,2.3,281.0,CCS,0.0,326,5,AWD,F - Luxury,4968,1966,1378,Sedan,https://ev-database.org/car/2144/Porsche-Taycan-Turbo-GT,16513000.0
Porsche,Taycan Turbo GT Weissach,305,97.0,Lithium-ion,396.0,1340.0,180,475,2.2,281.0,CCS,0.0,367,2,AWD,F - Luxury,4968,1966,1378,Sedan,https://ev-database.org/car/2145/Porsche-Taycan-Turbo-GT-Weissach,16528000.0
Porsche,Taycan Turbo S,260,97.0,Lithium-ion,396.0,1110.0,174,525,2.4,281.0,CCS,0.0,366,5,AWD,F - Luxury,4963,1966,1378,Sedan,https://ev-database.org/car/2103/Porsche-Taycan-Turbo-S,16518000.0
Porsche,Taycan Turbo S Cross Turismo,250,97.0,Lithium-ion,396.0,1110.0,188,485,2.5,281.0,CCS,0.0,405,5,AWD,F - Luxury,4974,1967,1407,Station/Estate,https://ev-database.org/car/2113/Porsche-Taycan-Turbo-S-Cross-Turismo,16680000.0
Porsche,Taycan Turbo S Sport Turismo,260,97.0,Lithium-ion,396.0,1110.0,183,505,2.4,281.0,CCS,0.0,405,5,AWD,F - Luxury,4963,1966,1388,Station/Estate,https://ev-database.org/car/2109/Porsche-Taycan-Turbo-S-Sport-Turismo,16516000.0
Porsche,Taycan Turbo Sport Turismo,260,97.0,Lithium-ion,396.0,940.0,184,505,2.7,281.0,CCS,0.0,405,5,AWD,F - Luxury,4963,1966,1392,Station/Estate,https://ev-database.org/car/2108/Porsche-Taycan-Turbo-Sport-Turismo,16527000.0
Renault,4 E-Tech 40kWh 120hp,150,40.0,Lithium-ion,93.0,225.0,124,245,9.2,55.0,CCS,750.0,420,5,FWD,JB - Compact,4143,1796,1552,SUV,https://ev-database.org/car/3126/Renault-4-E-Tech-40kWh-120hp,1903000.0
Renault,4 E-Tech 52kWh 150hp,150,52.0,Lithium-ion,184.0,245.0,127,315,8.2,70.0,CCS,750.0,420,5,FWD,JB - Compact,4143,1796,1552,SUV,https://ev-database.org/car/3127/Renault-4-E-Tech-52kWh-150hp,2067000.0
Renault,5 E-Tech 40kWh 120hp,150,40.0,Lithium-ion,93.0,225.0,132,250,9.0,55.0,CCS,500.0,326,5,FWD,B - Compact,3922,1808,1489,Hatchback,https://ev-database.org/car/2134/Renault-5-E-Tech-40kWh-120hp,1901000.0
Renault,5 E-Tech 40kWh 95hp,130,40.0,Lithium-ion,93.0,215.0,129,255,12.0,113.0,Unknown,500.0,326,5,FWD,B - Compact,3922,1808,1489,Hatchback,https://ev-database.org/car/2133/Renault-5-E-Tech-40kWh-95hp,1893000.0
Renault,5 E-Tech 52kWh 150hp,150,52.0,Lithium-ion,184.0,245.0,129,320,8.0,70.0,CCS,500.0,326,5,FWD,B - Compact,3922,1808,1489,Hatchback,https://ev-database.org/car/2135/Renault-5-E-Tech-52kWh-150hp,2062000.0
Renault,Kangoo E-Tech Electric,135,45.0,Lithium-ion,216.0,245.0,158,225,12.6,50.0,CCS,1500.0,950,5,FWD,N - Passenger Van,4486,1860,1838,Small Passenger Van,https://ev-database.org/car/1802/Renault-Kangoo-E-Tech-Electric,1951000.0
Renault,Kangoo Grand E-Tech Electric,130,45.0,Lithium-ion,216.0,245.0,170,220,13.3,50.0,CCS,1500.0,500,7,FWD,N - Passenger Van,4911,1860,1815,Small Passenger Van,https://ev-database.org/car/2043/Renault-Kangoo-Grand-E-Tech-Electric,1953000.0
Renault,Megane E-Tech EV60 130hp (TU2025),150,60.0,Lithium-ion,288.0,250.0,125,380,10.5,88.0,CCS,500.0,440,5,FWD,C - Medium,4200,1860,1505,Hatchback,https://ev-database.org/car/3131/Renault-Megane-E-Tech-EV60-130hp,2206000.0
Renault,Megane E-Tech EV60 220hp (TU2025),160,60.0,Lithium-ion,288.0,300.0,133,380,7.4,88.0,CCS,900.0,440,5,FWD,C - Medium,4200,1860,1505,Hatchback,https://ev-database.org/car/3132/Renault-Megane-E-Tech-EV60-220hp,2203000.0
Renault,Scenic E-Tech EV60 170hp,150,60.0,Lithium-ion,192.0,280.0,144,340,8.6,75.0,CCS,1100.0,545,5,FWD,JC - Medium,4470,1864,1571,SUV,https://ev-database.org/car/2068/Renault-Scenic-E-Tech-EV60-170hp,2194000.0
Renault,Scenic E-Tech EV87 220hp,170,87.0,Lithium-ion,288.0,300.0,143,480,7.9,95.0,CCS,1100.0,545,5,FWD,JC - Medium,4470,1864,1571,SUV,https://ev-database.org/car/2069/Renault-Scenic-E-Tech-EV87-220hp,2588000.0
Rolls-Royce,Spectre,250,102.0,Lithium-ion,216.0,900.0,192,465,4.5,126.0,CCS,1000.0,380,4,AWD,I - Luxury,5453,2080,1559,Coupe,https://ev-database.org/car/1765/Rolls-Royce-Spectre,16583000.0
Skoda,Elroq 50,160,52.0,Lithium-ion,192.0,310.0,149,310,9.0,90.0,CCS,1000.0,470,5,RWD,JC - Medium,4488,1884,1625,SUV,https://ev-database.org/car/3031/Skoda-Elroq-50,2063000.0
Skoda,Elroq 60,160,59.0,Lithium-ion,216.0,310.0,149,350,8.5,110.0,CCS,1000.0,470,5,RWD,JC - Medium,4488,1884,1625,SUV,https://ev-database.org/car/3032/Skoda-Elroq-60,2171000.0
Skoda,Elroq 85,180,77.0,Lithium-ion,288.0,545.0,145,450,6.6,120.0,CCS,1000.0,470,5,RWD,JC - Medium,4488,1884,1625,SUV,https://ev-database.org/car/3033/Skoda-Elroq-85,2444000.0
Skoda,Elroq RS,180,79.0,Lithium-ion,288.0,679.0,151,450,5.4,135.0,CCS,1200.0,470,5,AWD,JC - Medium,4488,1884,1608,SUV,https://ev-database.org/car/3183/Skoda-Elroq-RS,2469000.0
Skoda,Enyaq 60,160,59.0,Lithium-ion,216.0,310.0,145,360,8.1,110.0,CCS,1000.0,585,5,RWD,JC - Medium,4658,1879,1622,SUV,https://ev-database.org/car/3096/Skoda-Enyaq-60,2175000.0
Skoda,Enyaq 85,180,77.0,Lithium-ion,288.0,545.0,141,455,6.7,120.0,CCS,1000.0,585,5,RWD,JC - Medium,4658,1879,1622,SUV,https://ev-database.org/car/3097/Skoda-Enyaq-85,2429000.0
Skoda,Enyaq 85x,180,77.0,Lithium-ion,288.0,679.0,150,450,6.7,120.0,CCS,1200.0,585,5,AWD,JC - Medium,4658,1879,1620,SUV,https://ev-database.org/car/3098/Skoda-Enyaq-85x,2423000.0
Skoda,Enyaq Coupe 60,160,59.0,Lithium-ion,216.0,310.0,141,370,8.1,110.0,CCS,1000.0,570,5,RWD,JC - Medium,4658,1879,1623,SUV,https://ev-database.org/car/3099/Skoda-Enyaq-Coupe-60,2191000.0
Skoda,Enyaq Coupe 85,180,77.0,Lithium-ion,288.0,545.0,138,470,6.7,120.0,CCS,1000.0,570,5,RWD,JC - Medium,4658,1879,1623,SUV,https://ev-database.org/car/3100/Skoda-Enyaq-Coupe-85,2434000.0
Skoda,Enyaq Coupe 85x,180,77.0,Lithium-ion,288.0,679.0,146,460,6.7,120.0,CCS,1200.0,570,5,AWD,JC - Medium,4658,1879,1621,SUV,https://ev-database.org/car/3101/Skoda-Enyaq-Coupe-85x,2449000.0
Skoda,Enyaq Coupe RS,180,79.0,Lithium-ion,288.0,679.0,143,470,5.4,135.0,CCS,1200.0,570,5,AWD,JC - Medium,4660,1879,1608,SUV,https://ev-database.org/car/3185/Skoda-Enyaq-Coupe-RS,2482000.0
Skoda,Enyaq RS,180,79.0,Lithium-ion,288.0,679.0,147,460,5.4,135.0,CCS,1200.0,585,5,AWD,JC - Medium,4660,1879,1607,SUV,https://ev-database.org/car/3184/Skoda-Enyaq-RS,2458000.0
Skywell,BE11 Long Range,150,81.0,Lithium-ion,216.0,320.0,166,390,9.6,50.0,CCS,1000.0,467,5,FWD,JD - Large,4720,1908,1696,SUV,https://ev-database.org/car/3065/Skywell-BE11-Long-Range,3485000.0
Skywell,BE11 Standard Range,150,68.0,Lithium-ion,216.0,320.0,149,330,9.6,50.0,CCS,1000.0,467,5,FWD,JD - Large,4720,1908,1696,SUV,https://ev-database.org/car/3064/Skywell-BE11-Standard-Range,3296000.0
Smart,#1 Brabus,180,62.0,Lithium-ion,216.0,584.0,155,325,3.9,100.0,CCS,1600.0,313,5,AWD,JB - Compact,4300,1822,1636,SUV,https://ev-database.org/car/1748/Smart-1-Brabus,2221000.0
Smart,#1 Premium,180,62.0,Lithium-ion,216.0,343.0,141,335,6.7,100.0,CCS,1600.0,323,5,RWD,JB - Compact,4270,1822,1636,SUV,https://ev-database.org/car/2053/Smart-1-Premium,2208000.0
Smart,#1 Pro,180,47.0,Lithium-ion,216.0,343.0,152,250,6.7,65.0,CCS,0.0,323,5,RWD,JB - Compact,4270,1822,1636,SUV,https://ev-database.org/car/2041/Smart-1-Pro,1980000.0
Smart,#1 Pro+,180,62.0,Lithium-ion,216.0,343.0,148,335,6.7,100.0,CCS,1600.0,323,5,RWD,JB - Compact,4270,1822,1636,SUV,https://ev-database.org/car/1667/Smart-1-Proplus,2221000.0
Smart,#1 Pulse,180,62.0,Lithium-ion,216.0,584.0,155,325,4.5,100.0,CCS,1600.0,313,5,AWD,JB - Compact,4300,1822,1636,SUV,https://ev-database.org/car/1920/Smart-1-Pulse,2201000.0
Smart,#1 Pure,180,47.0,Lithium-ion,216.0,343.0,152,250,6.7,65.0,CCS,0.0,323,5,RWD,JB - Compact,4270,1822,1636,SUV,https://ev-database.org/car/2217/Smart-1-Pure,1991000.0
Smart,#1 Pure+,180,62.0,Lithium-ion,216.0,343.0,148,335,6.7,100.0,CCS,1600.0,323,5,RWD,JB - Compact,4270,1822,1636,SUV,https://ev-database.org/car/2218/Smart-1-Pureplus,2196000.0
Smart,#3 Brabus,180,62.0,Lithium-ion,216.0,543.0,149,335,3.7,100.0,CCS,1600.0,370,5,AWD,JB - Compact,4400,1844,1556,SUV,https://ev-database.org/car/2000/Smart-3-Brabus,2194000.0
Smart,#3 Premium,180,62.0,Lithium-ion,216.0,343.0,136,355,5.8,110.0,CCS,1600.0,370,5,RWD,JB - Compact,4400,1844,1556,SUV,https://ev-database.org/car/2054/Smart-3-Premium,2206000.0
Smart,#3 Pro,180,47.0,Lithium-ion,216.0,343.0,145,265,5.9,65.0,CCS,0.0,370,5,RWD,JB - Compact,4400,1844,1556,SUV,https://ev-database.org/car/2052/Smart-3-Pro,1985000.0
Smart,#3 Pro+,180,62.0,Lithium-ion,216.0,343.0,143,355,5.8,110.0,CCS,1600.0,370,5,RWD,JB - Compact,4400,1844,1556,SUV,https://ev-database.org/car/1999/Smart-3-Proplus,2216000.0
Smart,#5 Brabus,210,94.0,Lithium-ion,216.0,710.0,174,450,3.8,230.0,CCS,1600.0,630,5,AWD,JD - Large,4695,1920,1705,SUV,https://ev-database.org/car/3179/Smart-5-Brabus,2672000.0
Smart,#5 Premium,200,94.0,Lithium-ion,216.0,373.0,159,465,6.5,230.0,CCS,1600.0,630,5,RWD,JD - Large,4695,1920,1705,SUV,https://ev-database.org/car/3143/Smart-5-Premium,2660000.0
Smart,#5 Pro,200,74.4,Lithium-ion,216.0,373.0,160,370,6.9,110.0,CCS,1600.0,630,5,RWD,JD - Large,4695,1920,1705,SUV,https://ev-database.org/car/3141/Smart-5-Pro,2382000.0
Smart,#5 Pro+,200,94.0,Lithium-ion,216.0,373.0,159,465,6.5,230.0,CCS,1600.0,630,5,RWD,JD - Large,4695,1920,1705,SUV,https://ev-database.org/car/3142/Smart-5-Proplus,2679000.0
Smart,#5 Pulse,200,94.0,Lithium-ion,216.0,643.0,174,455,4.9,230.0,CCS,1600.0,630,5,AWD,JD - Large,4695,1920,1705,SUV,https://ev-database.org/car/3144/Smart-5-Pulse,2667000.0
Smart,#5 Summit Edition,200,94.0,Lithium-ion,216.0,643.0,174,455,4.9,230.0,CCS,1600.0,630,5,AWD,JD - Large,4695,1920,1705,SUV,https://ev-database.org/car/3145/Smart-5-Summit-Edition,2666000.0
Subaru,Solterra AWD,160,64.0,Lithium-ion,96.0,336.0,154,320,6.9,100.0,CCS,750.0,441,5,AWD,JC - Medium,4690,1860,1650,SUV,https://ev-database.org/car/1567/Subaru-Solterra-AWD,3240000.0
Tesla,Model 3 Long Range AWD (Highland),201,75.0,Lithium-ion,4416.0,493.0,119,525,4.4,124.0,CCS,1000.0,594,5,AWD,D - Large,4720,1849,1441,Sedan,https://ev-database.org/car/1992/Tesla-Model-3-Long-Range-AWD,6735000.0
Tesla,Model 3 Long Range RWD (Highland),201,75.0,Lithium-ion,4416.0,450.0,117,545,5.2,124.0,CCS,1000.0,594,5,RWD,D - Large,4720,1849,1441,Sedan,https://ev-database.org/car/3034/Tesla-Model-3-Long-Range-RWD,6732000.0
Tesla,Model 3 Performance (Highland),262,75.0,Lithium-ion,4416.0,741.0,142,490,3.2,124.0,CCS,0.0,594,5,AWD,D - Large,4720,1849,1431,Sedan,https://ev-database.org/car/2188/Tesla-Model-3-Performance,6716000.0
Tesla,Model 3 RWD (Highland CATL LFP64),201,60.5,Lithium-ion,216.0,420.0,116,445,6.1,110.0,CCS,1000.0,594,5,RWD,D - Large,4720,1849,1441,Sedan,https://ev-database.org/car/3186/Tesla-Model-3-RWD,6518000.0
Tesla,Model S Dual Motor,250,95.0,Lithium-ion,7920.0,430.0,150,575,3.2,140.0,CCS,1600.0,709,5,AWD,F - Luxury,5021,1987,1431,Liftback Sedan,https://ev-database.org/car/1404/Tesla-Model-S-Dual-Motor,7019000.0
Tesla,Model S Plaid,282,95.0,Lithium-ion,7920.0,430.0,158,560,2.3,140.0,CCS,1600.0,709,5,AWD,F - Luxury,5021,1987,1431,Liftback Sedan,https://ev-database.org/car/1405/Tesla-Model-S-Plaid,6996000.0
Tesla,Model X Dual Motor,250,95.0,Lithium-ion,7920.0,430.0,165,485,3.9,140.0,CCS,2250.0,425,7,AWD,JF - Luxury,5057,1999,1680,SUV,https://ev-database.org/car/1407/Tesla-Model-X-Dual-Motor,6996000.0
Tesla,Model X Plaid,262,95.0,Lithium-ion,7920.0,430.0,180,465,2.7,140.0,CCS,2250.0,425,7,AWD,JF - Luxury,5057,1999,1680,SUV,https://ev-database.org/car/1408/Tesla-Model-X-Plaid,6989000.0
Tesla,Model Y Long Range AWD (Juniper),201,75.0,Lithium-ion,4416.0,493.0,132,455,4.8,124.0,CCS,1600.0,854,5,AWD,JD - Large,4790,1982,1624,SUV,https://ev-database.org/car/3104/Tesla-Model-Y-Long-Range-AWD,6709000.0
Tesla,Model Y Long Range RWD (Juniper),201,75.0,Lithium-ion,4416.0,450.0,121,470,5.6,124.0,CCS,1600.0,854,5,RWD,JD - Large,4790,1982,1624,SUV,https://ev-database.org/car/3120/Tesla-Model-Y-Long-Range-RWD,6717000.0
Tesla,Model Y RWD (Juniper),201,60.5,Lithium-ion,216.0,420.0,121,375,5.9,110.0,CCS,1600.0,854,5,RWD,JD - Large,4790,1982,1624,SUV,https://ev-database.org/car/3103/Tesla-Model-Y-RWD,6499000.0
Toyota,PROACE Verso L 75 kWh,130,68.0,Lithium-ion,324.0,260.0,204,260,13.3,79.0,CCS,1000.0,989,9,FWD,N - Passenger Van,5333,1920,1890,Small Passenger Van,https://ev-database.org/car/2267/Toyota-PROACE-Verso-L-75-kWh,16074000.0
Toyota,PROACE Verso M 50 kWh,130,46.3,Lithium-ion,216.0,260.0,217,180,12.1,78.0,CCS,1000.0,603,9,FWD,N - Passenger Van,4983,1920,1890,Small Passenger Van,https://ev-database.org/car/2264/Toyota-PROACE-Verso-M-50-kWh,15749000.0
Toyota,PROACE Verso M 75 kWh,130,68.0,Lithium-ion,324.0,260.0,202,260,13.3,79.0,CCS,1000.0,603,9,FWD,N - Passenger Van,4983,1920,1890,Small Passenger Van,https://ev-database.org/car/2266/Toyota-PROACE-Verso-M-75-kWh,16082000.0
Toyota,Proace City Verso Electric L1 50 kWh,132,50.0,Lithium-ion,216.0,260.0,149,235,11.7,80.0,CCS,750.0,775,5,FWD,N - Passenger Van,4403,1921,1803,Small Passenger Van,https://ev-database.org/car/2165/Toyota-Proace-City-Verso-Electric-L1-50-kWh,15823000.0
Toyota,Proace City Verso Electric L2 50 kWh,132,50.0,Lithium-ion,216.0,260.0,149,230,11.7,80.0,CCS,750.0,1050,7,FWD,N - Passenger Van,4753,1921,1814,Small Passenger Van,https://ev-database.org/car/2166/Toyota-Proace-City-Verso-Electric-L2-50-kWh,15810000.0
Toyota,bZ4X AWD,160,64.0,Lithium-ion,96.0,336.0,154,345,6.9,100.0,CCS,750.0,452,5,AWD,JC - Medium,4690,1860,1600,SUV,https://ev-database.org/car/1565/Toyota-bZ4X-AWD,16024000.0
Toyota,bZ4X FWD,160,64.0,Lithium-ion,96.0,265.0,145,350,7.5,100.0,CCS,750.0,452,5,FWD,JC - Medium,4690,1860,1600,SUV,https://ev-database.org/car/1564/Toyota-bZ4X-FWD,16043000.0
VinFast,VF 8 Eco Extended Range,200,87.7,Lithium-ion,216.0,500.0,186,405,5.9,120.0,CCS,1800.0,376,5,AWD,JD - Large,4750,1934,1667,SUV,https://ev-database.org/car/1807/VinFast-VF-8-Eco-Extended-Range,16379000.0
VinFast,VF 8 Plus Extended Range,200,87.7,Lithium-ion,216.0,620.0,196,400,5.5,120.0,CCS,1800.0,376,5,AWD,JD - Large,4750,1934,1667,SUV,https://ev-database.org/car/1809/VinFast-VF-8-Plus-Extended-Range,16378000.0
Volkswagen,ID. Buzz LWB GTX,160,86.0,Lithium-ion,312.0,560.0,182,350,6.5,145.0,CCS,1600.0,1340,7,AWD,N - Passenger Van,4960,1985,1927,Small Passenger Van,https://ev-database.org/car/2157/Volkswagen-ID-Buzz-LWB-GTX-,3550000.0
Volkswagen,ID. Buzz LWB Pro,160,86.0,Lithium-ion,312.0,560.0,190,370,7.9,145.0,CCS,1000.0,1340,7,RWD,N - Passenger Van,4962,1985,1924,Small Passenger Van,https://ev-database.org/car/2154/Volkswagen-ID-Buzz-LWB-Pro,3542000.0
Volkswagen,ID. Buzz NWB GTX,160,79.0,Lithium-ion,288.0,560.0,194,330,6.5,135.0,CCS,1800.0,1121,6,AWD,N - Passenger Van,4712,1985,1925,Small Passenger Van,https://ev-database.org/car/2156/Volkswagen-ID-Buzz-NWB-GTX,3424000.0
Volkswagen,ID. Buzz NWB Pro,160,79.0,Lithium-ion,288.0,560.0,187,360,7.6,135.0,CCS,1200.0,1121,6,RWD,N - Passenger Van,4712,1985,1927,Small Passenger Van,https://ev-database.org/car/2232/Volkswagen-ID-Buzz-NWB-Pro,3444000.0
Volkswagen,ID. Buzz NWB Pure,145,59.0,Lithium-ion,216.0,310.0,178,275,10.7,110.0,CCS,1000.0,1121,6,RWD,N - Passenger Van,4712,1985,1927,Small Passenger Van,https://ev-database.org/car/3119/Volkswagen-ID-Buzz-NWB-Pure,3141000.0
Volkswagen,ID.3 GTX,180,79.0,Lithium-ion,288.0,545.0,131,470,5.9,135.0,CCS,0.0,385,5,RWD,C - Medium,4322,1809,1538,Hatchback,https://ev-database.org/car/2152/Volkswagen-ID3-GTX,3482000.0
Volkswagen,ID.3 GTX Performance,200,79.0,Lithium-ion,288.0,545.0,131,465,5.6,135.0,CCS,0.0,385,5,RWD,C - Medium,4322,1809,1538,Hatchback,https://ev-database.org/car/2153/Volkswagen-ID3-GTX-Performance,3476000.0
Volkswagen,ID.3 Pro,160,59.0,Lithium-ion,216.0,310.0,136,365,7.6,110.0,CCS,0.0,385,5,RWD,C - Medium,4264,1809,1564,Hatchback,https://ev-database.org/car/2213/Volkswagen-ID3-Pro,3162000.0
Volkswagen,ID.3 Pro S,160,77.0,Lithium-ion,288.0,310.0,138,465,7.1,120.0,CCS,0.0,385,5,RWD,C - Medium,4264,1809,1564,Hatchback,https://ev-database.org/car/2210/Volkswagen-ID3-Pro-S,3451000.0
Volkswagen,ID.3 Pure,160,52.0,Lithium-ion,192.0,310.0,134,325,8.2,90.0,CCS,0.0,385,5,RWD,C - Medium,4264,1809,1564,Hatchback,https://ev-database.org/car/2214/Volkswagen-ID3-Pure,3060000.0
Volkswagen,ID.4 GTX,180,77.0,Lithium-ion,288.0,679.0,152,420,5.4,120.0,CCS,1200.0,543,5,AWD,JC - Medium,4584,1852,1631,SUV,https://ev-database.org/car/2030/Volkswagen-ID4-GTX,3417000.0
Volkswagen,ID.4 Pro,180,77.0,Lithium-ion,288.0,545.0,149,445,6.7,120.0,CCS,1000.0,543,5,RWD,JC - Medium,4584,1852,1631,SUV,https://ev-database.org/car/2028/Volkswagen-ID4-Pro,3434000.0
Volkswagen,ID.4 Pro 4MOTION,180,77.0,Lithium-ion,288.0,679.0,155,435,6.6,120.0,CCS,1200.0,543,5,AWD,JC - Medium,4584,1852,1631,SUV,https://ev-database.org/car/2029/Volkswagen-ID4-Pro-4MOTION,3441000.0
Volkswagen,ID.4 Pure,160,52.0,Lithium-ion,192.0,310.0,143,285,9.0,87.0,CCS,1000.0,543,5,RWD,JC - Medium,4584,1852,1640,SUV,https://ev-database.org/car/2027/Volkswagen-ID4-Pure,3063000.0
Volkswagen,ID.5 GTX,180,77.0,Lithium-ion,288.0,679.0,144,430,5.5,120.0,CCS,1200.0,549,5,AWD,JC - Medium,4599,1852,1615,SUV,https://ev-database.org/car/2033/Volkswagen-ID5-GTX,3448000.0
Volkswagen,ID.5 Pro,180,77.0,Lithium-ion,288.0,545.0,138,460,6.7,120.0,CCS,1000.0,549,5,RWD,JC - Medium,4599,1852,1615,SUV,https://ev-database.org/car/2031/Volkswagen-ID5-Pro,3448000.0
Volkswagen,ID.5 Pure,160,52.0,Lithium-ion,288.0,310.0,142,320,8.9,87.0,CCS,1000.0,549,5,RWD,JC - Medium,4599,1852,1615,SUV,https://ev-database.org/car/3080/Volkswagen-ID5-Pure,3069000.0
Volkswagen,ID.7 GTX,180,86.0,Lithium-ion,312.0,560.0,145,500,5.4,145.0,CCS,1200.0,532,5,AWD,E - Executive,4961,1862,1536,Liftback Sedan,https://ev-database.org/car/2216/Volkswagen-ID7-GTX,3579000.0
Volkswagen,ID.7 Pro,180,77.0,Lithium-ion,288.0,550.0,132,475,6.5,125.0,CCS,1000.0,532,5,RWD,E - Executive,4961,1862,1536,Liftback Sedan,https://ev-database.org/car/1839/Volkswagen-ID7-Pro,3441000.0
Volkswagen,ID.7 Pro S,180,86.0,Lithium-ion,312.0,550.0,133,525,6.6,145.0,CCS,1000.0,532,5,RWD,E - Executive,4961,1862,1536,Liftback Sedan,https://ev-database.org/car/1840/Volkswagen-ID7-Pro-S,3578000.0
Volkswagen,ID.7 Tourer GTX,180,86.0,Lithium-ion,312.0,560.0,147,500,5.5,145.0,CCS,1200.0,605,5,AWD,E - Executive,4961,1862,1536,Station/Estate,https://ev-database.org/car/2158/Volkswagen-ID7-Tourer-GTX,3569000.0
Volkswagen,ID.7 Tourer Pro,180,77.0,Lithium-ion,288.0,550.0,146,470,6.6,125.0,CCS,1000.0,605,5,RWD,E - Executive,4961,1862,1536,Station/Estate,https://ev-database.org/car/2118/Volkswagen-ID7-Tourer-Pro,3434000.0
Volkswagen,ID.7 Tourer Pro S,180,86.0,Lithium-ion,312.0,550.0,125,520,6.7,145.0,CCS,1000.0,605,5,RWD,E - Executive,4961,1862,1536,Station/Estate,https://ev-database.org/car/2119/Volkswagen-ID7-Tourer-Pro-S,3567000.0
Volvo,EC40 Single Motor (MY26),180,67.0,Lithium-ion,216.0,420.0,151,360,7.3,110.0,CCS,1500.0,404,5,RWD,JC - Medium,4440,1873,1596,SUV,https://ev-database.org/car/3154/Volvo-EC40-Single-Motor,6592000.0
Volvo,EC40 Single Motor ER (MY26),180,79.0,Lithium-ion,324.0,420.0,146,420,7.3,125.0,CCS,1500.0,404,5,RWD,JC - Medium,4440,1873,1596,SUV,https://ev-database.org/car/3155/Volvo-EC40-Single-Motor-ER,6762000.0
Volvo,EC40 Twin Motor (MY26),180,79.0,Lithium-ion,324.0,670.0,155,400,4.8,125.0,CCS,1800.0,404,5,AWD,JC - Medium,4440,1873,1596,SUV,https://ev-database.org/car/3156/Volvo-EC40-Twin-Motor,6754000.0
Volvo,EC40 Twin Motor Performance (MY26),180,79.0,Lithium-ion,324.0,670.0,155,400,4.6,125.0,CCS,1800.0,404,5,AWD,JC - Medium,4440,1873,1596,SUV,https://ev-database.org/car/3157/Volvo-EC40-Twin-Motor-Performance,6742000.0
Volvo,ES90 Single Motor (MY26),180,88.0,Lithium-ion,216.0,480.0,135,485,6.9,190.0,CCS,1600.0,446,5,RWD,F - Luxury,5000,1942,1546,Liftback Sedan,https://ev-database.org/car/3128/Volvo-ES90-Single-Motor,6890000.0
Volvo,ES90 Twin Motor (MY26),180,102.0,Lithium-ion,216.0,670.0,146,530,5.5,225.0,CCS,2000.0,446,5,AWD,F - Luxury,5000,1942,1546,Liftback Sedan,https://ev-database.org/car/3129/Volvo-ES90-Twin-Motor,7097000.0
Volvo,ES90 Twin Motor Performance (MY26),180,102.0,Lithium-ion,216.0,870.0,146,530,4.0,225.0,CCS,2000.0,446,5,AWD,F - Luxury,5000,1942,1546,Liftback Sedan,https://ev-database.org/car/3130/Volvo-ES90-Twin-Motor-Performance,7088000.0
Volvo,EX30 Cross Country (MY26),180,65.0,Lithium-ion,216.0,543.0,152,330,3.7,114.0,CCS,1600.0,318,5,AWD,JB - Compact,4233,1837,1573,SUV,https://ev-database.org/car/3118/Volvo-EX30-Cross-Country,6699000.0
Volvo,EX30 Single Motor (MY24-26),180,49.0,Lithium-ion,216.0,343.0,147,275,5.7,80.0,CCS,1000.0,318,5,RWD,JB - Compact,4233,1837,1549,SUV,https://ev-database.org/car/1909/Volvo-EX30-Single-Motor,6309000.0
Volvo,EX30 Single Motor ER (MY24-26),180,65.0,Lithium-ion,216.0,343.0,138,365,5.3,113.0,CCS,1600.0,318,5,RWD,JB - Compact,4233,1837,1549,SUV,https://ev-database.org/car/1910/Volvo-EX30-Single-Motor-ER,6555000.0
Volvo,EX30 Twin Motor Performance (MY24-26),180,65.0,Lithium-ion,216.0,543.0,145,340,3.6,113.0,CCS,1600.0,318,5,AWD,JB - Compact,4233,1837,1549,SUV,https://ev-database.org/car/1911/Volvo-EX30-Twin-Motor-Performance,6540000.0
Volvo,EX40 Single Motor (MY26),180,67.0,Lithium-ion,216.0,420.0,154,345,7.3,110.0,CCS,1500.0,410,5,RWD,JC - Medium,4440,1863,1652,SUV,https://ev-database.org/car/3158/Volvo-EX40-Single-Motor,6583000.0
Volvo,EX40 Single Motor ER (MY26),180,79.0,Lithium-ion,324.0,420.0,152,400,7.3,125.0,CCS,1500.0,410,5,RWD,JC - Medium,4440,1863,1652,SUV,https://ev-database.org/car/3159/Volvo-EX40-Single-Motor-ER,6768000.0
Volvo,EX40 Twin Motor (MY26),180,79.0,Lithium-ion,324.0,670.0,163,385,4.8,125.0,CCS,1800.0,410,5,AWD,JC - Medium,4440,1863,1652,SUV,https://ev-database.org/car/3160/Volvo-EX40-Twin-Motor,6736000.0
Volvo,EX40 Twin Motor Performance (MY26),180,79.0,Lithium-ion,324.0,670.0,163,385,4.6,125.0,CCS,1800.0,410,5,AWD,JC - Medium,4440,1863,1652,SUV,https://ev-database.org/car/3161/Volvo-EX40-Twin-Motor-Performance,6756000.0
Volvo,EX90 Single Motor (MY24-26),180,100.0,Lithium-ion,192.0,490.0,182,460,8.4,140.0,CCS,1200.0,310,7,RWD,JF - Luxury,5037,1964,1744,SUV,https://ev-database.org/car/1950/Volvo-EX90-Single-Motor,7052000.0
Volvo,EX90 Twin Motor (MY24-26),180,107.0,Lithium-ion,204.0,770.0,188,470,5.9,150.0,CCS,2200.0,310,7,AWD,JF - Luxury,5037,1964,1744,SUV,https://ev-database.org/car/1775/Volvo-EX90-Twin-Motor,7132000.0
Volvo,EX90 Twin Motor Performance (MY24-26),180,107.0,Lithium-ion,204.0,910.0,188,455,4.9,150.0,CCS,2200.0,310,7,AWD,JF - Luxury,5037,1964,1744,SUV,https://ev-database.org/car/1776/Volvo-EX90-Twin-Motor-Performance,7151000.0
Voyah,Free 106 kWh,200,100.0,Lithium-ion,216.0,720.0,200,480,4.4,80.0,CCS,2000.0,550,5,AWD,JE - Executive,4905,1950,1645,SUV,https://ev-database.org/car/2049/Voyah-Free-106-kWh,16557000.0
XPENG,G6 AWD Performance,200,87.5,Lithium-ion,216.0,660.0,159,475,4.1,180.0,CCS,1500.0,571,5,AWD,JD - Large,4753,1920,1650,SUV,https://ev-database.org/car/2183/XPENG-G6-AWD-Performance,16381000.0
XPENG,G6 RWD Long Range,200,87.5,Lithium-ion,216.0,440.0,154,480,6.7,180.0,CCS,1500.0,571,5,RWD,JD - Large,4753,1920,1650,SUV,https://ev-database.org/car/2182/XPENG-G6-RWD-Long-Range,16384000.0
XPENG,G6 RWD Standard Range,200,66.0,Lithium-ion,216.0,440.0,152,370,6.9,140.0,CCS,1500.0,571,5,RWD,JD - Large,4753,1920,1650,SUV,https://ev-database.org/car/2181/XPENG-G6-RWD-Standard-Range,16070000.0
XPENG,G9 AWD Performance,200,93.1,Lithium-ion,216.0,717.0,179,465,3.9,224.0,CCS,1500.0,660,5,AWD,JE - Executive,4891,1937,1670,SUV,https://ev-database.org/car/1826/XPENG-G9-AWD-Performance,16452000.0
XPENG,G9 RWD Long Range,200,93.1,Lithium-ion,216.0,430.0,163,480,6.4,224.0,CCS,1500.0,660,5,RWD,JE - Executive,4891,1937,1670,SUV,https://ev-database.org/car/1825/XPENG-G9-RWD-Long-Range,16471000.0
XPENG,G9 RWD Standard Range,200,75.8,Lithium-ion,216.0,430.0,165,395,6.4,170.0,CCS,1500.0,660,5,RWD,JE - Executive,4891,1937,1680,SUV,https://ev-database.org/car/1824/XPENG-G9-RWD-Standard-Range,16208000.0
XPENG,P7 AWD Performance,200,82.7,Lithium-ion,216.0,757.0,164,460,4.1,138.0,CCS,0.0,440,5,AWD,E - Executive,4888,1896,1450,Sedan,https://ev-database.org/car/1822/XPENG-P7-AWD-Performance,16321000.0
XPENG,P7 RWD Long Range,200,82.7,Lithium-ion,216.0,440.0,144,495,6.7,138.0,CCS,0.0,440,5,RWD,E - Executive,4888,1896,1450,Sedan,https://ev-database.org/car/1821/XPENG-P7-RWD-Long-Range,16324000.0
XPENG,P7 Wing Edition,200,82.7,Lithium-ion,216.0,757.0,164,455,4.1,138.0,CCS,0.0,440,5,AWD,E - Executive,4888,1896,1450,Sedan,https://ev-database.org/car/1823/XPENG-P7-Wing-Edition,16322000.0
Zeekr,001 Long Range RWD,200,94.0,Lithium-ion,110.0,343.0,152,505,7.2,135.0,CCS,1500.0,539,5,RWD,E - Executive,4955,1999,1560,Liftback Sedan,https://ev-database.org/car/1933/Zeekr-001-Long-Range-RWD,16483000.0
Zeekr,001 Performance AWD,200,94.0,Lithium-ion,110.0,686.0,159,480,3.8,135.0,CCS,2000.0,539,5,AWD,E - Executive,4955,1999,1560,Liftback Sedan,https://ev-database.org/car/1934/Zeekr-001-Performance-AWD,16460000.0
Zeekr,001 Privilege AWD,200,94.0,Lithium-ion,110.0,686.0,162,480,3.8,135.0,CCS,2000.0,539,5,AWD,E - Executive,4955,1999,1548,Liftback Sedan,https://ev-database.org/car/1935/Zeekr-001-Privilege-AWD,16476000.0
Zeekr,7X Long Range RWD,210,94.0,Lithium-ion,216.0,440.0,153,475,6.0,260.0,CCS,2000.0,539,5,RWD,JD - Large,4787,1930,1650,SUV,https://ev-database.org/car/3082/Zeekr-7X-Long-Range-RWD,16484000.0
Zeekr,7X Performance AWD,210,94.0,Lithium-ion,216.0,710.0,173,450,3.8,260.0,CCS,2000.0,539,5,AWD,JD - Large,4787,1930,1650,SUV,https://ev-database.org/car/3083/Zeekr-7X-Performance-AWD,16456000.0
Zeekr,7X Premium RWD,210,71.0,Lithium-ion,216.0,440.0,148,365,6.0,240.0,CCS,2000.0,539,5,RWD,JD - Large,4787,1930,1650,SUV,https://ev-database.org/car/3081/Zeekr-7X-Premium-RWD,16123000.0
Zeekr,X Core RWD (MY25),190,49.0,Lithium-ion,216.0,343.0,148,265,5.9,70.0,CCS,1600.0,362,5,RWD,JB - Compact,4432,1836,1566,SUV,https://ev-database.org/car/3197/Zeekr-X-Core-RWD,15829000.0
Zeekr,X Long Range RWD (MY25),190,65.0,Lithium-ion,216.0,343.0,146,360,5.6,114.0,CCS,1600.0,362,5,RWD,JB - Compact,4432,1836,1566,SUV,https://ev-database.org/car/3198/Zeekr-X-Long-Range-RWD,16052000.0
Zeekr,X Privilege AWD (MY25),190,65.0,Lithium-ion,216.0,543.0,153,350,3.8,114.0,CCS,1600.0,362,5,AWD,JB - Compact,4432,1836,1566,SUV,https://ev-database.org/car/3199/Zeekr-X-Privilege-AWD,16053000.0
firefly,Unknown,150,41.2,Lithium-ion,112.0,200.0,125,250,8.1,65.0,CCS,0.0,404,5,RWD,B - Compact,4003,1885,1557,Hatchback,https://ev-database.org/car/3178/firefly-firefly,15697000.0
